"By creating an account with our store, you will be able to move through the checkout process faster, store multiple shipping addresses, view and track your orders in your account and more.","
Sitemizde hesap açarak, daha hızlı alışveriş yapabilir, siparişinizi birden fazla adrese gönderebilir, hesabınızdan bütün geçmiş bilgilerinize erişebilir ve daha bir çok özellikten faydalanabilirsiniz..."
"Group ""%s"" can not be deleted"," ""%s"" adlı grup silinemiyor"
"Invalid attribute option specified for attribute %s (%s), skipping the record","%s (%s) için hatalı özellik seçeneği girildi, kayıt atlanıyor"
"Invalid option id specified for %s (%s), skipping the record","%s (%s) için hatalı seçenek numarası, kayıt atlanıyor"
"You are currently subscribed to 'General Subscription'.","'Genel Abonelik' duyurumuza abone oldunuz."
"* Required Fields","* Doldurulması Zorunlu Alanlar"
"Subscribe","Abone Ol"
"Last date subscribed","Abone olduğu son tarih"
"Last date unsubscribed","Abonelikten çıktığı son tarih"
"Name","Adı"
"Missing firstname, skipping the record","Adı girilmedi, kayıt atlanıyor"
"First Name","Adınız"
"Qty","Adet"
"Street Address","Adres"
"Address","Adres"
"Street Address 2","Adres 2"
"Address Information","Adres Bilgisi"
"Address Book","Adres Defteri"
"Go to Address Book","Adres Defterine Git"
"You have no additional address entries in your address book.","Adres defterinizde başka adres yok."
"You have no additional entries in your address book.","Adres defterinizde başka adres yok."
"You have no primary entries in your address book.","Adres defterinizde birincil adres(ler)iniz yok."
"You have no default billing address in your address book.","Adres defterinizde birincil fatura adresiniz yok."
"You have no default shipping address in your address book.","Adres defterinizde birincil teslimat adresiniz yok."
"Add New Address","Adres Ekle"
"Edit Address Entry","Adres Kaydını Düzenle"
"The address was successfully saved","Adres kaydedildi"
"The address was successfully deleted","Adres silindi"
"There was an error while deleting the address","Adres silinirken hata oluştu"
"Edit Address","Adresi Düzenle"
"Save Address","Adresi Kaydet"
"Can't save address","Adresi kaydetme"
"Delete Address","Adresi Sil"
"Addresses","Adresler"
"Manage Addresses","Adresleri Yönet"
"Shopping Cart","Alışveriş Sepeti"
"Shopping Cart - %d item(s)","Alışveriş Sepeti - %d ürün var"
"Continue Shopping","Alışverişe Devam"
"Ship to First name","Alıcı Adı"
"Ship to Last name","Alıcı SoyAdı"
"Never","Asla"
"Config","Ayar"
"City","İlçe"
"Password","Şifre"
"Confirm Password","Şifre (Tekrar)"
"Change Password","Şifre Değiştir"
"Password must have at least 6 characters. Leading or trailing spaces will be ignored.","Şifre en az 6 harf olmalıdır. Baştaki veya sondaki boşluk görmezden gelinecektir."
"Password Options","Şifre Seçenekleri"
"Password Management","Şifre Yönetimi"
"Forgot Email Sender","Şifremi Unuttum E-mail Göndericisi"
"Forgot Email Template","Şifremi Unuttum E-mail Teması"
"Retrieve your password here","Şifrenizi Buradan Alabilirsiniz"
"Forgot Your Password?","Şifrenizi mi unuttunuz ?"
"Save Password","Şifreyi Kaydet"
"There are no items in customer's shopping cart at the moment","Şu an müşterinin sepeti boş"
"There are no items in customer's shopping cart at the moment","Şu an müşterinin sepeti boş"
"Action","İşlem"
"Cancel","İptal"
"Refunded","Ücret İadesi Yapıldı"
"Country","Ülke"
"Product","Ürün"
"Product name","Ürün Adı"
"Product Name","Ürün Adı"
"No Items Found","Ürün bulunamadı"
"Product Tags","Ürün Etiketleri"
"No product collections found","Ürün listesi bulunamadı"
"Product ID","Ürün No"
"Product Reviews","Ürün Yorumları"
"Log Out","Çıkış"
"You're now Logged Out","Çıkış yaptınız..."
"Online","Bağlı"
"Offline","Bağlı Değil"
"Lifetime Sales","Bütün Satışlar"
"Pending","Beklemede"
"Unknown","Bilinmeyen"
"Primary Billing Address","Birinci Fatura Adresi"
"Primary Shipping Address","Birinci Teslimat Adresi"
"Use as My Primary %s Address","Birincil %s adresim olarak kullan"
"You have not set a primary billing address.","Birincil fatura adresi ayarlamadınız."
"Use as my default billing address","Birincil fatura adresim olarak kullan"
"You have not set a primary shipping address.","Birincil teslimat adresi ayarlamadınız."
"Use as my default shipping address","Birincil teslimat adresim olarak kullan"
"This is My Primary %s Address","Bu adres benim birincil %s adresim"
"The address does not belong to this customer","Bu adres bu müşteriye ait değil"
"Are you sure you want to cancel adding of this address?","Bu adres(ler)in eklenmesini iptal etmek istediğinizden  istediğinizden emin misiniz ?"
"Are you sure you want to delete this address?","Bu adresleri silmek istediğinizden emin misiniz ?"
"This email address was not found in our records","Bu e-mail adresi kayıtlarımızda yok"
"This customer has no saved addresses.","Bu müşteriye ait kayıtlı adres bulunamadı."
"Are you sure the you want to remove this item?","Bunu silmek istediğinizden emin misiniz ?"
"Are you sure that you want to remove this item?","Bunu silmek istediğinizden emin misiniz ?"
"CSV","CSV"
"Edit","Düzenle"
"Details","Detaylar"
"Paused","Duraklatıldı"
"Status","Durum"
"Newsletter Subscription","Duyuru Aboneliği"
"Unsubscribe from newsletter","Duyuru aboneliğini iptal et"
"Newsletter Received","Duyuru Alındı"
"Newsletter Start","Duyuru Başlangıcı"
"Newsletter Information","Duyuru Bilgisi"
"No Newsletter Found","Duyuru bulunamadı"
"Edit Newsletters","Duyuru Listelerini Düzenle"
"Edit Newsletter Subscription","Duyuru Listesi Aboneliğini Düzenle"
"Newsletter Finish","Duyuru Sonu"
"Sign Up for Newsletter","Duyuru ve Kampanya E-Maillerinizi Almak İstiyorum"
"Newsletters","Duyurular"
"Newsletter","Duyurular"
"Subscribe to newsletter","Duyurulara abone ol"
"Subscribed to Newsletter?","Duyurulara abone oldunuz mu ?"
"You are currently not subscribed to our newsletter","Duyurularımıza abone olmadınız"
"You are currently subscribed to our newsletter","Duyurumuza abone oldunuz"
"You are currently subscribed to our newsletter.","Duyurumuza abone oldunuz."
"Sign up for our newsletter","Duyurumuza Kaydolun"
"Please enter your email.","E-Mail adresinizi giriniz."
"Missing email, skipping the record","E-Mail girilmedi, kayıt atlanıyor"
"Additional Address Entries","Ek Adresler"
"Date Added","Ekleme Tarihi"
"Added From","Eklendiği Yer"
"Email","Email"
"Email Address","Email Adresiniz"
"Email Sender","Email Göndericisi"
"Email Template","Email Teması"
"Are you sure?","Emin misiniz ?"
"Invalid current password","Eski şifre hatalı"
"Current Password","Eski Şifre"
"Tag Name","Etiket Adı"
"My Tags","Etiketlerim"
"Ext. Price","Ext. Fiyat"
"State/Province","Şehir"
"Fax","Faks"
"Change Billing Address","Fatura Adresini Değiştir"
"Billing Information","Fatura Bilgisi"
"Company","Firma"
"Price","Fiyat"
"Submit","Gönder"
"Sent","Gönderildi"
"Shipped to Name","Gönderildiği İsim"
"Shipped to First Name","Gönderildiği Kişi Adı"
"Shipped to Last Name","Gönderildiği Kişi SoyAdı"
"Sending","Gönderiliyor"
"Not Sent","Gönderilmedi"
"Visible In","Görüneceği Yer"
"View","Göster"
"Update","Güncelle"
"You have been successfully logged out and will be redirected to our homepage in 5 seconds.","Güvenli çıkış işlemi başarılı. 5 saniye içinde ana sayfamıza yönlendirileceksiniz."
"Recent Orders","Geçmiş Siparişler"
"Global","Genel"
"General Subscription","Genel Abonelik"
"Grand Total","Genel Toplam"
"Grand Total: %s","Genel Toplam: %s"
"Back","Geri"
"Log In","Giriş"
"Login","Giriş"
"Login Information","Giriş Bilgisi"
"Back to Login","Giriş Sayfasına Dön"
"Login or Create an Account","Giriş yapın veya Yeni Bir Hesap Açın"
"Edit Group","Grubu Düzenle"
"Group","Grup"
"Group Name","Grup Adı"
"Group Information","Grup Bilgisi"
"Invalid attribute set specified, skipping the record","Hatalı özellik seti seçildi, kayıt atlanıyor"
"Invalid email address","Hatalı E-Mail adresi"
"Invalid login or password","Hatalı kullanıcı adı veya şifre"
"Invalid customer data","Hatalı müşteri verisi"
"All","Hepsi"
"My Account","Hesabım"
"Change Account Password","Hesap Şifresini Değiştir"
"Your account balance is: %s","Hesap Bakiyeniz : %s"
"Account Information","Hesap Bilgisi"
"Account information was successfully saved","Hesap bilgisi kaydedildi"
"Edit Account Information","Hesap Bilgisini Düzenle"
"Create an Account","Üye Ol"
"Account Dashboard","Hesap Kontrol Paneli"
"Account Sharing Options","Hesap Paylaşma Seçenekleri"
"You have placed no products yet.","Hiç ürün eklemediniz."
"You are currently not subscribed to any newsletter.","Hiç bir duyuruya abone olmadınız."
"You have placed no orders yet.","Hiç sipariş vermediniz."
"Send welcome email","Hoşgeldin e-maili gönder"
"Hello, %s!","Hoşgeldiniz, %s!"
"HTML","HTML"
"IP Address","IP Adresi"
"Disabled","Kapalı"
"Records for ""","Kayıtlar """
"Registered Customers","Kayıtlı Müşteriler"
"Saved ","Kaydedildi "
"Save","Kaydet"
"Personal Information","Kişisel Bilgi"
"Edit Personal Information","Kişisel Bilgiyi Düzenle"
"SKU","Ürün Kodu"
"Contact Information","İletişim Bilgisi"
"My Dashboard","Kontrol Panelim"
"From your My Account Dashboard you have the ability to view a snapshot of your recent account activity and update your account information. Select a link below to view or edit information.","Kontrol panelinizden geçmiş işlemlerinizi görebilir, kişisel bilgilerinizi güncelleyebilir, şifrenizi değiştirebilirsiniz. Görmek veya düzeltmek istediğiniz şeylerle ilgili linkler aşağıdadır."
"Subject","Konu"
"User description","Kullanıcı açıklaması"
"Login and password are required","Kullanıcı Adı ve Şifre gereklidir"
"Please enter your email below and we'll send you a new password.","Lütfen şifre gönderebilmemiz için, üye olurken kullandığınız e-mail adresini giriniz."
"Please enter your email below and we'll send you a new password.","Lütfen şifre gönderebilmemiz için, üye olurken kullandığınız e-mail adresini giriniz."
"Please make sure your passwords match.","Lütfen şifrelerinizin eşleştiğiniden emin olunuz."
"Please select region, state or province","Lütfen Bölge/Şehir seçiminizi yapınız"
"Please select","Lütfen seçiniz"
"Problem saving the collection, aborting. Error: %s","Liste kaydedilirken hata oluştu, iptal ediliyor. Hata : %s"
"Store","Mağaza"
"Store View","Mağaza Görünümü"
"Invalid store specified, skipping the record","Mağaza seçimi hatalı, kayıt atlanıyor"
"Deleted Stores","Mağazaları Sil"
"Entity collection is expected","Mal listesi bekleniyor"
"Customer","Müşteri"
"Edit Customer's Address","Müşteri Adresini Düzenle"
"Customer Addresses","Müşteri Adresleri"
"Customer Configuration","Müşteri Ayarları"
"Customer Information","Müşteri Bilgisi"
"Customer email already exists","Müşteri e-maili zaten sistemde kayıtlı"
"Add New Customer","Müşteri Ekle"
"Customer View","Müşteri Görünümü"
"Customer Since","Müşteri Geçmişi"
"Customer Login","Müşteri Girişi"
"Customer Group","Müşteri Grubu"
"Assign a customer group","Müşteri grubu eşleştir"
"Add New Customer Group","Müşteri Grubu Ekle"
"Customer Group was successfully saved","Müşteri Grubu kaydedildi"
"Customer Group was successfully deleted","Müşteri Grubu silindi"
"Edit Customer Group ""%s""","Müşteri Grubunu Düzenle ""%s"""
"Save Customer Group","Müşteri Grubunu Kaydet"
"Delete Customer Group","Müşteri Grubunu Sil"
"Customer Groups","Müşteri Grupları"
"Edit Customer Groups","Müşteri Gruplarını Düzenle"
"Can't share customer accounts global.","Müşteri hesapları herkesle paylaşılmaz."
"Share Customer Accounts","Müşteri Hesaplarını Paylaş"
"Customer collection expected","Müşteri listesi bekleniyor"
"Customers","Müşteriler"
"Manage Customers","Müşterileri Yönet"
"Customer doesn't have primary billing address","Müşterinin fatura adresi yok"
"There are no items in customer's wishlist at the moment","Müşterinin takip listesinde ürün yok"
"Save Customer","Müşteriyi Kaydet"
"Can't save customer","Müşteriyi kaydetme"
"Delete Customer","Müşteriyi Sil"
"Amount","Miktar"
"Guest","Misafir"
"ID","No"
"Need to Confirm","Onay gerekiyor"
"Approved","Onaylandı"
"Send auto-generated password","Otomatik oluşturulmuş şifreyi gönder"
"Session Start Time","Oturum Başlama Saati"
"Pasword fields can't be empty.","Parola alanları boş olamaz."
"PDF","PDF"
"ZIP","Posta Kodu"
"Customers Only","Sadece Müşteriler"
"Visitors Only","Sadece Ziyaretçiler"
"Sales Statistics","Satış İstatistikleri"
"Average Sale","Satış Ortalaması"
"Purchase On","Satın Alındı Yer"
"Purchased at","Satın Alındığı Tarih"
"Bought From","Satın Alındığı Yer"
"Skip import row, required field ""%s"" not defined","Satırın alınmasını atla, doldurulması zorunlu ""%s"" alanı boş"
"Skip import row, website ""%s"" field not exists","Satırın alınmasını atla, web sitesi ""%s"" alanı boş"
"Error during retrieval of option value: %s","Seçenek değeri alınırken hata oluştu : %s"
"Wrong region id by selected country","Seçili ülke için yanlış bölge numarası"
"To Cart","Sepete"
"Remove","Sil"
"Delete","Sil"
"Order #","Sipariş #"
"Order #%s (%s)","Sipariş #%s (%s)"
"Items Order","Sipariş Edilen Ürünler"
"Order List...","Sipariş Listesi..."
"View Order List","Sipariş Listesini Göster"
"Create Order","Sipariş Oluştur"
"Order Total","Sipariş Toplamı"
"View Order","Siparişi Göster"
"Orders","Siparişler"
"My Orders","Siparişlerim"
"Online Customers","Sitedeki Müşteriler"
"Thank you for registering with %s","Sitemize kaydolduğunuz için teşekkür ederiz"
"If you have an account with us, please log in.","Sitemize üyeyseniz lütfen giriş yapınız."
"Last 5 Orders","Son 5 Sipariş"
"Last Url","Son Adres"
"Last Activity","Son İşlem"
"Last Viewed Items","Son görülen ürünler"
"Missing lastname, skipping the record","Soyadı girilmedi, kayıt atlanıyor"
"Last Name","Soyadınız"
"Payment Method","Tahsilat Yöntemi"
"My Wishlist","Takip Listem"
"Wishlist","Takip Listesi"
"Wishlist - %d item(s)","Takip Listesi - %d ürün var"
"Days in Wishlist","Takip Listesinde Kalma Gün Sayısı"
"Date","Tarih"
"All countries","Tüm ülkeler"
"All Store Views","Tüm Mağaza Görünümleri"
"Text One Line","Tek satır yazı"
"Telephone","Telefon"
"Change Shipping Address","Teslimat Adresini Değiştir"
"Shipping Information","Teslimat Bilgisi"
"Shipping Method","Teslimat Yöntemi"
"Type","Tip"
"Total","Toplam"
"Array of Entity collections is expected","Varlık listesi bekleniyor"
"Default Addresses","Varsayılan Adresler"
"Default Email Domain","Varsayılan E-Mail Domaini"
"Default Billing Address","Varsayılan Fatura Adresi"
"Set as Default Billing Address","Varsayılan Fatura Adresi Olarak Kaydet"
"Default Group","Varsayılan Grup"
"Default Shipping Address","Varsayılan Teslimat Adresi"
"Set as Default Shipping Address","Varsayılan Teslimat Adresi Olarak Kaydet"
"Tax class","Vergi sınıfı"
"Tax Class","Vergi Sınıfı"
"or","veya"
"Website","Web sitesi"
"Per Website","Web Sitesi Başına"
"XML","XML"
"Text","Yazı"
"Admin","Yönetici"
"New Address","Yeni Adres"
"New Address Entry","Yeni Adres Girişi"
"New passowrd","Yeni şifre"
"A new password was sent","Yeni şifre gönderildi"
"New Password","Yeni Şifre"
"Confirm New Password","Yeni Şifre (Tekrar)"
"New Group","Yeni Grup"
"New account","Yeni hesap"
"Create New Account Options","Yeni Hesap Seçenekleri Ekle"
"New Customer","Yeni Müşteri"
"New Customer Address","Yeni Müşteri Adresi"
"New Customer Group","Yeni Müşteri Grubu"
"New Customer Groups","Yeni Müşteri Grupları"
"Create New Customer Account","Yeni Müşteri Hesabı"
"New Customers","Yeni Müşteriler"
"n/a","yok"
"My Reviews","Yorumlarım"
"ZIP/Postal Code","Zip/Posta Kodu"
"Zip/Postal Code","Zip/Posta Kodu"
"ZIP/Post Code","ZIP/Posta Kodu"
"Visitor","Ziyaretçi"
"---------------version 1.2 - siteden cekilen dosyalarla eklendi--------------------","////////////////////////////////////////////////////////////////////////"
"Always optional","Sürekli isteğe bağlı"
"Bad request.","Hatalı istek."
"Bill to Name","Fatura İsmi"
"Can\'t save address","Adres kaydedilemiyor"
"Can\'t save customer","Müşteri kaydedilemiyor"
"Can\'t share customer accounts global. Because some customer accounts with same emails exist on multiple websites and cannot be merged.","Müşteri hesapları genel paylaşıma açılamıyor. Çünkü bazı kullanıcılar aynı e-mail adresiyle iki veritabanında da hesap açmış."
"Confirmation Link Email","Doğrulama Bağlantısı E-Maili"
"Confirmed","Doğrulandı"
"Create","Oluştur"
"Create customer","Müşteri Oluştur"
"Create customer address","Müşteri Adresi Ekle"
"Customer Api","Müşteri API si"
"Customer website id must be specified, when using website scope.","Eğer web sitesi havuzu kullanıyorsanız, bu müşteri için web sitesi belirlemelisiniz."
"Customers Section","Müşteriler Bölümü"
"DD","GG"
"Date of Birth","Doğum Tarihi"
"Date of Birth is required.","Doğum Tarihi alanı zorunludur."
"Day","Gün"
"Default Welcome Email","Varsayılan Karşılama Maili"
"Delete customer","Müşteri Sil"
"Delete customer address","Müşteri Adresi Sil"
"Edit Account Info","Hesap Bilgisi Düzenle"
"Failed to confirm customer account.","Müşteri hesabı onaylanamadı."
"First name can\'t be empty","Adı alanı boş bırakılamaz"
"Invalid email address ""%s""","Hatalı e-mail adresi : ""%s"""
"Invalid login or password.","Hatalı kullanıcı adı veya şifre."
"Last name can\'t be empty","Soyadı alanı boş bırakılamaz"
"Leave empty for default (15 minutes).","Varsayılan değer (15 dakika) için boş bırakınız."
"Leave empty for default (2). Valid range: 1-4","Varsayılan değer (2) için boş bırakınız. Valid range: 1-4"
"Log in or Create an Account","Giriş Yapın veya Hesap Oluşturun"
"M.I.","M.I."
"MM","AA"
"Month","Ay"
"My Account Dashboard","Hesabım"
"Name and Address Options","Ad ve Adres seçenekleri"
"New account confirmation key","Yeni hesap onay anahtar kelimesi"
"New account confirmed","Yeni hesap doğrulandı"
"New password","Yeni Şifre"
"No item specified.","Ürün seçilmedi."
"Not confirmed, can login","Hesap doğrulanmadı, giriş yapabilir"
"Not confirmed, cannot login","Hesap doğrulanmadı, giriş yapamaz"
"Number of lines in a street address ","Adres alanı için satır sayısı"
"Online Customers Options","Sitedeki Ziyaretçiler Seçenekleri"
"Online Minutes Interval","Ziyaretçinin sitede sayılması için süre"
"Password can\'t be empty","Şifre alanı boş bırakılamaz"
"Password fields can\'t be empty.","Şifre alanları boş bırakılamaz."
"Password forgotten","Şifreyi unuttu"
"Password minimal length must be more %s","Şifreler en az %s karakter uzunluğunda olmalıdır"
"Please enter your email below and we\'ll send you a new password.","Şifrenizin yeniden oluşturulması için lütfen aşağıdaki kutuya sistemde kayıtlı e-mail adresinizi giriniz."
"Please enter your email below and we\'ll send you confirmation link for it.","Onay kodunuzun gönderilmesi için lütfen aşağıdaki kutuya sistemde kayıtlı e-mail adresinizi giriniz."
"Please, check your e-mail for confirmation key.","Lütfen, onay kodunuzun gönderildiği e-mail adresinizi kontrol ediniz."
"Prefix","Önek"
"Prefix dropdown options","Önek seçim menüsü seçenekleri"
"Require Emails Confirmation","E-Mail Doğrulaması Gerekli Olsun"
"Retrieve address data","Adres verisi al"
"Retrieve address info","Adres bilgisi al"
"Retrieve customer addresses","Müşteri adreslerini al"
"Retrieve customer data","Müşteri bilgisini al"
"Retrieve customer's groups","Müşteri gruplarını al"
"Retrieve customers","Müşterileri al"
"Retrieve customers info","Müşteri bilgilerini al"
"Retrieve your confirmation link here","Onay linkini al"
"Semicolon (;) separated values.<br/>Put semicolon in the beginning for empty first option.<br/>Leave empty for open text field.","Noktalı virgülle (;) ayrılmış değerler.<br/>Her satır başında boş bilgi için bir adet noktalı virgül olmalıdır.<br/>Yazı alanını açmak için boş bırakınız."
"Send Welcome Email after Confirmation","Doğrulama işleminden sonra Karşılama Maili Gönder"
"Send confirmation link","Onay Linkini Gönder"
"Show Tax/VAT number","Vergi/Vatandaşlık Numarasını Göster"
"Show date of birth","Doğum Tarihini Göster"
"Show middle name (initial)","İkinci Adı (veya Önadı) Göster"
"Show prefix","Öneki Göster"
"Show suffix","Soneki Göster"
"Street Address ","Adres"
"Suffix","Sonek"
"Suffix dropdown options","Sonek seçim menüsü seçenekleri"
"TAX/VAT number is required.","Vergi/Vatandaşlık numarasını gerekiyor."
"Tax/VAT number","Vergi/Vatandaşlık numarası"
"The suffix that goes after name (Jr., Sr., etc.)","Sonek, isimden sonra gelen ikinci isim veya isim ekidir (Jr., Sr., veya ikinci ad gibi)"
"The title that goes before name (Mr., Mrs., etc.)","Önek, isimden önce gelen eklerdir (Bay, Bayan, Doktor, Prof., gibi)"
"There are no items in customer\'s shopping cart at the moment","Müşterinin sepetinde henüz ürün yok."
"This Email will be sent instead of Default Welcome Email, after Account Confirmation.","Bu e-mail mesajı Hesap Doğrulama işleminden sonra Varsayılan Karşılama Maili yerine gönderilecektir."
"This account is not confirmed.","Hesap doğrulanmadı."
"This e-mail does not require confirmation.","Bu e-mail'in doğrulanması gerekmiyor."
"Update customer address data","Müşteri adres verisini güncelle"
"Update customer data","Müşteri bilgilerini güncelle"
"Welcome Email","Karşılama E-maili"
"Wrong confirmation key.","Hatalı onay anahtarı."
"Wrong customer account specified.","Müşteri hesabı seçiminde hata."
"Wrong email.","Hatalı e-mail."
"Wrong transactional account email type.","Dinamik e-mail hesabı hatalı."
"YYYY","YYYY"
"Year","Yıl"
"--------------- v 1.3 2009-04-01 BASI --------------------","////////////////////////////////////////////////////////////////////////"
"Can't share customer accounts global. Because some customer accounts with same emails exist on multiple websites and cannot be merged.","Müşteri hesapları sistem genelinde paylaşılamıyor. Çünkü iki veritabanında da aynı e-mail adresini kullanan müşteriler var."
"First name can't be empty","Adı alanı boş bırakılamaz"
"Last name can't be empty","Soyadı alanı boş bırakılamaz"
"Password can't be empty","Şifre alanı boş bırakılamaz"
"Password fields can't be empty.","Şifre alanları boş bırakılamaz."
"Please enter your email below and we'll send you confirmation link for it.","Lütfen şifre gönderebilmemiz için, üye olurken kullandığınız e-mail adresini giriniz."
"--------------- v 1.3 2009-04-01 SONU --------------------","////////////////////////////////////////////////////////////////////////""--------------- v 1.3 2009-08-05 BASI --------------------","////////////////////////////////////////////////////////////////////////"
"Save And Continue Edit","Kaydet ve Düzenlemeye Devam Et"
"--------------- v 1.3 2009-08-05 SONU --------------------","////////////////////////////////////////////////////////////////////////"
"--------------- v 1.3 2009-12-09 BASI --------------------","////////////////////////////////////////////////////////////////////////"
"Account confirmation is required. Please, check your e-mail for confirmation link. To resend confirmation email please <a href=""%s"">click here</a>.","Hesap doğrulama yapılması gerekiyor. Lütfen e-mail adresinize gelen doğrulama mesajını kontrol ediniz ve içindeki onaylama bağlantısına tıklayınız. Eğer doğrulama mesajı mail adresinize ulaşmadıysa tekrar göndermek için <a href=""%s"">buraya tıklayınız</a>."
"Address Books","Adres Defteri"
"Back - link to the previously viewed page","Geri - Bir önceki gördüğünüz sayfaya bağlantı"
"Customer Account Edit Form","Müşteri Bilgileri Düzenleme Formu"
"Customer Account Login Form","Müşteri Hesabı Giriş Formu"
"Customer Account Logout Success","Müşteri Başarıyla Çıkış Yaptı"
"Customer Account Registration Form","Müşteri Hesap Oluşturma Formu"
"Customer Forgot Password Form","Müşteri Şifre Hatırlatma Formu"
"Customer My Account (All Pages)","Müşteri Hesabım Sayfası (Tüm Sayfalar)"
"Customer My Account Address Book","Müşteri Hesabım Sayfası Adres Defteri"
"Customer My Account Address Edit Form","Müşteri Hesabım Sayfası Adres Düzeltme Formu"
"Customer My Account Dashboard","Müşteri Hesabım Sayfası Genel Görünüm Sayfası"
"Customer doesn\'t have default billing address","Müşterinin varsayılan fatura adresi yok"
"Customer email is required","Müşteri e-mail adresi zorunludur"
"Customer will stay on the current page if ""No"" is selected","""Hayır"" seçilirse müşteri o anki sayfada kalır"
"Email:","Email:"
"Gender","Cinsiyet"
"Gender is required.","Cinsiyet bilgisi gereklidir."
"Login Options","Giriş Seçenekleri"
"Password:","Şife :"
"Redirect Customer to Account Dashboard after Logging in","Müşteri giriş yaptıktan sonra Hesabım sayfasına yönlendir"
"Retrieve customer groups","Müşteri gruplarını al"
"Retrieve customer info","Müşteri bilgisini al"
"Send From","Gönderme Adresi"
"Show gender","Cinsiyeti Göster"
"There is already an account with this emails address. If you are sure that it is your email address, <a href=""%s"">click here</a> to get your password and access your account.","Girdiğiniz e-mail adresiyle daha önce sitemize üye kaydı yapılmış. Eğer bu e-mail adresi size aitse, <a href=""%s"">buraya tıklayarak</a> şifre gönderilmesini isteyebilir ve hesabınıza girebilirsiniz."
"This account is not confirmed. <a href=""%s"">Click here</a> to resend confirmation email.","Müşteri hesabı doğrulanmadı. <a href=""%s"">Buraya tıklayarak</a> yeni bir doğrulama mesajı gönderilmesini sağlayabilirsiniz."
"This is My Default %s Address","Bu adres Varsayılan %s Adresim"
"Use as My Default %s Address","Varsayılan %s adresim olarak kullan"
"You have no default entries in your address book.","Adres defterinizde varsayılan adres kayıtlarınız yok."
"You have not set a default billing address.","Varsayılan fatura adresi belirlemediniz."
"You have not set a default shipping address.","Varsayılan teslimat adresi belirlemediniz."
"--------------- v 1.3 2009-12-09 SONU --------------------","////////////////////////////////////////////////////////////////////////"
"--------------- v 1.4.2.0 2010-12-09 BASI --------------------","////////////////////////////////////////////////////////////////////////"
"""%s"" contains not only digit characters.","""%s"" sadece harf ve rakam içerebilir."
"""%s"" does not fit the entered date format.","""%s"" girilen tarih biçimiyle eşleşmiyor."
"""%s"" exceeds the allowed file size.","""%s"" izin verilen en büyük dosya boyutundan fazla."
"""%s"" exceeds the allowed length.","""%s"" izin verilen uzunluktan fazla."
"""%s"" has not only alphabetic and digit characters.","""%s"" sadece alfabetik karakterler içermiyor."
"""%s"" has not only alphabetic characters.","""%s"" sadece alfabetik karakterler içermiyor."
"""%s"" height exceeds allowed value of %s px.","""%s"" yükseklik izin verilen %s piksel sınırından büyük."
"""%s"" invalid type entered.","""%s"" hatalı tip girildi."
"""%s"" is a required value.","""%s"" gerekli bir değerdir."
"""%s"" is an empty string.","""%s"" boş bir değerdir."
"""%s"" is not a valid URL.","""%s"" geçerli bir URL değil."
"""%s"" is not a valid date.","""%s"" geçerli bir tarih değil."
"""%s"" is not a valid email address.","""%s"" geçerli bir e-mail adresi değil."
"""%s"" is not a valid file","""%s"" geçerli bir dosya değil"
"""%s"" is not a valid file extension.","""%s"" geçerli bir dosya uzantısı değil."
"""%s"" is not a valid file.","""%s"" geçerli bir dosya değil."
"""%s"" is not a valid hostname.","""%s"" geçerli bir sunucu adı değil."
"""%s"" is not a valid image format","""%s"" geçerli bir resim dosyası biçimi değil"
"""%s"" length must be equal or greater than %s characters.","""%s"" uzunluğu %s karakter veya daha fazla olmalı."
"""%s"" width exceeds allowed value of %s px.","""%s"" genişlik izin verilen %s piksel sınırından büyük."
"A new password has been sent.","Yeni bir şifre gönderildi."
"ALL GROUPS","TÜM GRUPLAR"
"Account confirmation is required. Please, check your email for the confirmation link. To resend the confirmation email please <a href=""%s"">click here</a>.","Hesap doğrulama yapılması gerekiyor. Lütfen e-mail adresinize gelen doğrulama mesajını kontrol ediniz ve içindeki onaylama bağlantısına tıklayınız. Eğer doğrulama mesajı mail adresinize ulaşmadıysa tekrar göndermek için  <a href=""%s"">buraya tıklayınız</a>."
"Address Templates","Adres Şablonları"
"Always optional.","Her zaman isteğe bağlı."
"An error occurred while deleting the address.","Adres silinirken hata oluştu."
"An error occurred while retrieving the option value: %s.","Seçenek verisi okunurken bir hata oluştu : %s."
"An error occurred while saving the collection, aborting. Error: %s","Koleksiyon kaydedilirken bir hata oluştu, işlem sonlandırılıyor. Hata: %s"
"An invalid option ID is specified for %s (%s), skipping the record.","%s (%s) için hatalı bir seçenek numarası seçildi, kayıt atlanıyor."
"Array of Entity collections is expected.","Varlık veri dizisi koleksiyonu bekleniyor."
"Assign a Customer Group","Müşteri Grubu İlişkilendir"
"Attribute object is undefined","Özellik nesnesi belirlenmedi"
"Cannot save address.","Adres kaydedilemedi."
"Cannot save the customer.","Müşteri kaydedilemedi."
"Cannot share customer accounts globally because some customer accounts with the same emails exist on multiple websites and cannot be merged.","Müşteri hesabı sistemin tamamında paylaşılamıyor. Web sitelerinde aynı e-mail adresiyle kaydedilmiş müşteriler var. Bu yüzden müşteri kayıtları birleştirilemez."
"Customer collection expected.","Müşteri listesi bekleniyor."
"Customer email is required.","Müşteri e-mail adresi gerekiyor."
"Customer website ID must be specified when using the website scope.","Web sitesine özel müşteri kaydı için Site belirlemesi yapılmalıdır."
"Customer will stay on the current page if ""No"" is selected.","Eğer ""Hayır"" seçerseniz müşteri bulunduğu sayfada kalır."
"Entity collection is expected.","Liste koleksiyonu bekleniyor."
"Entity instance is not defined","Kayıt örneği belirlenmedi"
"Entity object is undefined","Kayıt nesnesi belirlenmedi"
"Form Fields Before","Form Alanları Daha Önce Olsun"
"Form code is not defined","Form kodu belirlenmedi"
"Generate Human-Friendly Customer ID","Kullanıcı dostu Müşteri Numarası üret"
"Invalid attribute option specified for attribute %s (%s), skipping the record.","%s (%s) özelliği için hatalı özellik değeri seçildi, kayıt atlanıyor."
"Invalid attribute set specified, skipping the record.","Hatalı özellik seti seçildi, kayıt atlanıyor."
"Invalid email address.","Hatalı e-mail adresi."
"Invalid store specified, skipping the record.","Hatalı mağaza seçimi yapıldı, kayıt atlanıyor."
"Last Date Subscribed","Son abonelik tarihi"
"Last Date Unsubscribed","Son abonelikten çıkış tarihi"
"Last URL","Son URL"
"Login and password are required.","Kullanıcı adı ve şifre bilgisi gerekiyor."
"Missing email, skipping the record.","E-mail bilgisi yok, kayıt atlanıyor."
"Missing firstname, skipping the record.","Ad bilgisi yok, kayıt atlanıyor."
"Missing lastname, skipping the record.","Soyad bilgisi yok, kayıt atlanıyor."
"My Account Wrapper","Hesabım Bölümü"
"New password field cannot be empty.","Yeni şifre alanı boş geçilemez."
"No","Hayır"
"No customer collections found","Müşteri listesi bulunamadı"
"Number of Lines in a Street Address ","Posta adresi alanındaki satır sayısı"
"Please enter your email below and we will send you a new password.","Lütfen sitemize kaydolurken kullandığınız mail adresinizi giriniz. Yeni şifreniz bu adresinize gönderilecektir."
"Please, check your email for confirmation key.","Lütfen, onay bağlantısını içeren mesajımızı görmek için mail kutunuzu kontrol ediniz."
"Prefix Dropdown Options","Önad seçenekleri"
"Purchased At","Satın Alındı"
"Records for %s store found.","%s mağaza için kayıt bulundu."
"Save and Continue Edit","Kaydet ve Düzenlemeye Devam Et"
"Saved %d record(s)","%d kayıt kaydedildi."
"Send Welcome Email","Hoşgeldin mesajı gönder"
"Show Date of Birth","Doğumgünü alanını göster"
"Show Gender","Cinsiyet alanını göster"
"Show Middle Name (initial)","Orta ad alanını göster"
"Show Prefix","Ön ad alanını göster"
"Show Suffix","Son ad alanını göster"
"Show Tax/VAT Number","Vergi/Vatandaşlık Numarası alanını göster"
"Skipping import row, required field ""%s"" is not defined.","Gerekli alan ""%s"" bulunamadığı için kayıt satırı alınmadı."
"Skipping import row, website ""%s"" field does not exist.","Gerekli websitesi alanı ""%s"" bulunamadığı için kayıt satırı alınmadı."
"Street Address %s","Posta Adresi %s"
"Subscribe to Newsletter","Duyuru Listesine Abone Ol"
"Suffix Dropdown Options","Son ad seçenekleri"
"Thank you for registering with %s.","%s sitemize üye olduğunuz için teşekkür ederiz."
"The account information has been saved.","Hesap bilgisi kaydedildi."
"The address does not belong to this customer.","Bu adres bu müşteriye ait değil."
"The address has been deleted.","Adres silindi."
"The address has been saved.","Adres kaydedildi."
"The customer does not have default billing address.","Müşterinin varsayılan fatura adresi yok."
"The customer group has been deleted.","Müşteri grubu silindi."
"The customer group has been saved.","Müşteri grubu kaydedildi."
"The group ""%s"" cannot be deleted.","""%s"" müşteri grubu silinemedi."
"The password must have at least 6 characters. Leading or trailing spaces will be ignored.","Şifreniz en az 6 harfli olmalıdır. Şifrenizde harfler, sayılar ve noktalama işaretleri kullanabilirsiniz. Boşluk kullanmayınız."
"There is already an account with this email address. If you are sure that it is your email address, <a href=""%s"">click here</a> to get your password and access your account.","Girdiğiniz e-mail adresiyle daha önce sitemize üye kaydı yapılmış. Eğer bu e-mail adresi size aitse, <a href=""%s"">buraya tıklayarak</a> şifre gönderilmesini isteyebilir ve hesabınıza girebilirsiniz."
"This customer email already exists.","Bu müşteri e-maili zaten var."
"This email address was not found in our records.","Bu müşteri e-mail adresi sitemizde kayıtlı değil."
"This email does not require confirmation.","Bu e-mail adresi için doğrulamaya gerek yoktur."
"This email will be sent instead of default welcome email, after account confirmation.","Hesap doğrulamasından sonra varsayılan Hoşgeldin Mesajı yerine bu mesaj gönderilecektir."
"Unsubscribe from Newsletter","Duyuru Aboneliğinden Ayrıl"
"Use as My Default Billing Address","Varsayılan Fatura Adresim Olarak Kullan"
"Use as My Default Shipping Address","Varsayılan Teslimat Adresim Olarak Kullan"
"Yes","Evet"
"You are currently not subscribed to our newsletter.","Duyuru listemize abone değilsiniz."
"You are now logged out","Çıkış yaptınız"
"You have logged out and will be redirected to our homepage in 5 seconds.","5 saniye içinde ana sayfaya yönlendirileceksiniz."
"--------------- v 1.4.2.0 2010-12-09 SONU --------------------","////////////////////////////////////////////////////////////////////////"
"--------------- v 1.5.0.0-rc2 2011-02-05 BASI --------------------","////////////////////////////////////////////////////////////////////////"
"""%s"" length must be equal to or greater than %s characters.","""%s"" uzunluğu %s karaktere eşit veya daha fazla olmalı."
"""%s"" length must be less than or equal to %s characters.","""%s"" uzunluğu %s karakter olmalıdır."
"Configure","Ayarla"
"Excel XML","Excel XML"
"--------------- v 1.5.0.0-rc2 2011-02-05 SONU --------------------","////////////////////////////////////////////////////////////////////////"
"--------------- v 1.5.1.0 2011-05-10 BASI --------------------","////////////////////////////////////////////////////////////////////////"
"'%value%' appears to be a DNS hostname but cannot extract TLD part","'%value%' bir DNS sunucu adı gibi gözüküyor ancak domain adı kısmı ayıklanamadı"
"'%value%' appears to be a DNS hostname but cannot match TLD against known list","'%value%' bir DNS sunucu adı gibi gözüküyor ancak domain adı bilinen domain tipleri arasında bulunamadı"
"'%value%' appears to be a DNS hostname but cannot match against hostname schema for TLD '%tld%'","'%value%' bir DNS sunucu adı gibi gözüküyor ancak bu uzantı tipi için geçerli şekle uymuyor '%tld%'"
"'%value%' appears to be a DNS hostname but contains a dash in an invalid position","'%value%' bir DNS sunucu adı gibi gözüküyor ancak kabul edilemez bir yerde - karakteri var."
"'%value%' appears to be a DNS hostname but the given punycode notation cannot be decoded","'%value%' bir DNS sunucu adı gibi gözüküyor ancak domain adındaki punycode alanı ayıklanamadı"
"'%value%' appears to be a local network name but local network names are not allowed","'%value%' bir Yerel Ağ adı gibi gözüküyor ancak yerel ağ adları kullanılamaz"
"'%value%' appears to be an IP address, but IP addresses are not allowed","'%value%' IP adresi gibi gözüküyor, ancak IP adresleri sistem tarafından kabul edilmiyor"
"'%value%' does not appear to be a valid URI hostname","'%value%' geçerli bir Sunucu adresi değil"
"'%value%' does not appear to be a valid local network name","'%value%' geçerli bir yerel ağ adı değil"
"'%value%' does not match the expected structure for a DNS hostname","'%value%' bir DNS Sunucu adı için geçersiz bir yapıda"
"Customer API","Müşteri APIsi"
"Invalid type given. String expected","Hatalı tip girildi. String (düzyazı) bekleniyordu"
"--------------- v 1.5.1.0 2011-05-10 SONU --------------------","////////////////////////////////////////////////////////////////////////"
"--------------- v 1.6.0.0-rc1 2011-07-19 BASI --------------------","////////////////////////////////////////////////////////////////////////"
"Customer website ID must be specified when using the website scope","Web sitesi havuzu kullanılırken müşteri için de web sitesi kodu belirtilmelidir"
"Forgot Your Password","Şifrenizi mi unuttunuz ?"
"The group ""%s"" cannot be deleted","""%s"" grubu silinemez"
"This customer email already exists","Aynı e-mail adresiyle kayıtlı bir müşteri zaten var"
"Wrong transactional account email type","Dinamik E-mailler için hatalı e-mail tipi"
"--------------- v 1.6.0.0-rc1 2011-07-19 SONU --------------------","////////////////////////////////////////////////////////////////////////"
"--------------- v 1.6.0.0-rc2 2011-11-07 BASI --------------------","////////////////////////////////////////////////////////////////////////"
"Cannot save a new password.","Yeni şifre kaydedilemedi."
"Forgot Password","Şifremi Unuttum"
"Forgot and Remind Email Sender","Unutma Hatırlatma E-Mail Göndericisi"
"If there is an account associated with %s you will receive an email with a link to reset your password.","%s ile bağlantılı bir hesap varsa şifrenizi sıfırlamanız için size bir e-mail gönderilecek."
"Invalid password reset token.","Şifre sıfırlama anahtar kelimesi hatalı."
"Please enter your email address below. You will receive a link to reset your password.","Lütfen aşağıdaki alana e-mail adresinizi giriniz. Şifrenizi sıfırlamak için sıfırlama bağlantısı içeren bir e-mail mesajı alacaksınız."
"Recovery Link Expiration Period (days)","Geri Kurtarma Bağlantısı Bitiş Süresi (gün)"
"Remind Email Template","Hatırlatma E-Mail Şablonu"
"Remind Password","Şifre Hatırlat"
"Reset a Password","Şifre Sıfırla"
"Your password has been updated.","Şifreniz güncellendi."
"Your password reset link has expired.","Şifre güncelleme bağlantınızın süresi doldu."
"--------------- v 1.6.0.0-rc2 2011-11-07 SONU --------------------","////////////////////////////////////////////////////////////////////////"
"--------------- v 1.6.2.0 2012-01-22 BASI --------------------","////////////////////////////////////////////////////////////////////////"
"This value must be greater than 0.","Bu değer 0'dan büyük olmalıdır."
"--------------- v 1.6.2.0 2012-01-22 SONU --------------------","////////////////////////////////////////////////////////////////////////"
"--------------- v 1.7.0.0-alpha 2012-01-22 BASI --------------------","////////////////////////////////////////////////////////////////////////"
"Based on the VAT ID, the customer would belong to Customer Group %s.","Vergi numarasına göre müşteri %s grubuna bağlı olmalı."
"Disable Automatic Group Changes Based on VAT ID Default Value","Vergi Numarasına Göre Otomatik Grup Değiştirmeyi İptal Et"
"Enable Automatic Assignment to Customer Group","Müşteri Grubuna Otomatik Eklenmeyi Aç"
"Group for Invalid VAT ID","Hatalı vergi numarası için Müşteri Grubu"
"Group for Valid VAT ID - Domestic","Geçerli vergi numarası için Müşteri Grubu - Bölgesel"
"Group for Valid VAT ID - Intra-Union","Geçerli vergi numarası için Müşteri Grubu - Yurtiçi"
"If you are a registered VAT customer, please click <a href=""%s"">here</a> to enter you billing address to see proper VAT calculated","Eğer vergi mükellefi iseniz, <a href=""%s"">buraya tıklayarak</a> fatura adresinizi girip uygun vergi numaranızı tespit edebilirsiniz"
"If you believe this is an error, please contact us at %s","Eğer bunun bir hata olduğuna inanıyorsanız, bizimle iletişime geçin %s"
"Invalid billing address for (%s)","Hatalı fatura adresi (%s)"
"Invalid email address ""%s"".","Hatalı e-mail adresi ""%s""."
"Invalid shipping address for (%s)","Hatalı teslimat adresi (%s)"
"Invalid website, skipping the record, line: %s","Hatalı web sitesi, kayıt atlanıyor, satır: %s"
"Maximum length must be less then %s symbols","%s karakterden fazla olamaz"
"Missing email, skipping the record, line: %s","E-Mail bilgisi yok, kayıt atlanıyor, satır: %s"
"Missing first name, skipping the record, line: %s","Ad bilgisi yok, kayıt atlanıyor, satır: %s"
"Missing last name, skipping the record, line: %s","SoyaAdı bilgisi yok, kayıt atlanıyor, satır: %s"
"Missing website, skipping the record, line: %s","Web sitesi bilgisi yok, kayıt atlanıyor, satır: %s"
"Please enter a valid date between %s and %s at %s.","%s ve %s arasında %s geçerli bir tarih bilgisi giriniz."
"Please enter a valid date equal to or greater than %s at %s.","%s tarihine eşit veya daha büyük bir geçerli bir tarih bilgisi giriniz %s."
"Please enter a valid date less than or equal to %s at %s.","Please enter a valid date less than or equal to %s at %s."
"Please enter the city.","Lütfen İlçe giriniz."
"Please enter the country.","Lütfen Ülke giriniz."
"Please enter the first name.","Lütfen Ad giriniz."
"Please enter the last name.","Lütfen Soyadı giriniz."
"Please enter the state/province.","Lütfen Şehir/Eyalet giriniz."
"Please enter the street.","Lütfen Adres bilgisi giriniz."
"Please enter the telephone number.","Lütfen Telefon numarası giriniz."
"Please enter the zip/postal code.","Lütfen Posta Kodu giriniz."
"Please select a website which contains store view","Lütfen mağaza görünümü içeren bir web sitesi seçiniz"
"Shopping Cart of %1$s - %2$d item(s)","Alışveriş sepeti %1$s - %2$d ürün"
"The Date of Birth is required.","Doğum tarihi bilgisi zorunludur."
"The TAX/VAT number is required.","Vergi No bilgisi zorunludur."
"The VAT ID entered (%s) is not a valid VAT ID.","Girdiğiniz vergi numarası (%s) geçersiz."
"The VAT ID entered (%s) is not valid VAT ID.","Girdiğiniz vergi numarası (%s) geçersiz."
"The VAT ID is valid. The current Customer Group will be used.","Vergi numarası geçerli. Mevcut müşteri grubu kullanılacak."
"The customer ID and email did not match, skipping the record, line: %s","Müşteri numarası ve e-mail adresi eşleşmiyor, kayıt atlanıyor, satır: %s"
"The customer email (%s) already exists, skipping the record, line: %s","Müşteri e-mail adresi zaten veritabanında var, kayıt atlanıyor, satır: %s"
"The customer is currently assigned to Customer Group %s.","Müşteri %s grubunda."
"The first name cannot be empty.","Ad alanı boş geçilemez."
"The last name cannot be empty.","SoyAdı alanı boş geçilemez."
"The minimum password length is %s","İzin verilen en kısa şifre uzunluğu %s karakterdir"
"The password cannot be empty.","Şifre bilgisi boş geçilemez."
"There was an error validating the VAT ID. Please try again later.","Vergi numarası doğrulanırken hata oluştu. Lütfen daha sonra tekrar deneyiniz."
"VAT Number","Vergi Numarası"
"VAT Request Date","Vergi No İsteme Tarihi"
"VAT Request Identifier","Vergi İstek Tanımlayıcısı"
"Validate VAT Number","Vergi Numarasını Doğrula"
"Validate on Each Transaction","Her işlemde yeniden doğrula"
"Validation Error Group","Doğrulama Hatası Için Grup"
"Would you like to change the Customer Group for this order?","Bu sipariş için müşteri grubunu değiştirmek ister misiniz ?"
"You will be charged tax.","Siparişinize vergi eklenecek."
"You will not be charged tax.","Siparişinize vergi eklenmeyecek."
"Your Tax ID cannot be validated.","Vergi numarasnız doğrulanamadı."
"Your VAT ID was successfully validated.","Vergi numaranız doğrulandı."
"--------------- v 1.7.0.0-alpha 2012-01-22 SONU --------------------","////////////////////////////////////////////////////////////////////////"
"--------------- v 1.7.0.0 2012-04-28 BASI --------------------","////////////////////////////////////////////////////////////////////////"
"Based on the VAT ID, the customer would belong to the Customer Group %s.","Vergi numarasına göre bu müşteri %s grubuna bağlı olacaktır."
"Default Value for Disable Automatic Group Changes Based on VAT ID","Vergi Numarasına göre otomatik olarak müşteri grubu değiştirme özelliğinin iptali için Varsayılan Değer"
"If you are a registered VAT customer, please click <a href=""%s"">here</a> to enter you billing address for proper VAT calculation","Eğer vergi numarasına kayıtlı bir müşterimizseniz, verginizin hesaplanması için lütfen <a href=""%s"">buraya tıklayınız</a> ve fatura adresinizi giriniz."
"If you are a registered VAT customer, please click <a href=""%s"">here</a> to enter you shipping address for proper VAT calculation","Eğer vergi numarasına kayıtlı bir müşterimizseniz, verginizin hesaplanması için lütfen <a href=""%s"">buraya tıklayınız</a> ve teslimat adresinizi giriniz."
"Please enter a number 1 or greater in this field.","Lütfen bu alana 1 veya daha yüksek bir nümerik değer giriniz."
"Show VAT Number on Frontend","Ön sayfada vergi numarasını göster"
"Tax Calculation Based On","Vergi Hesaplama Yöntemi"
"The VAT ID entered (%s) is not a valid VAT ID. The customer would belong to Customer Group %s.","Girilen vergi numarası bilgisi (%s) geçerli değil. Müşteri %s grubuna bağlanacaktır."
"There was an error validating the VAT ID.","Vergi numarası doğrulanırken bir hata oluştu."
"There was an error validating the VAT ID. The customer would belong to Customer Group %s.","Vergi numarası doğrulanırken bir hata oluştu. Müşteri %s grubuna bağlanacaktır."
"To show VAT number on frontend, set Show VAT Number on Frontend option to Yes.","Vergi numarasını ön sayfada göstermek için, Vergi Numarası Ön Sayfada Gösterilsin seçeneğini Evet olarak seçiniz."
"--------------- v 1.7.0.0 2012-04-28 SONU --------------------","////////////////////////////////////////////////////////////////////////"
"Disable Automatic Group Change Based on VAT ID","Vergi numarasına göre otomatik grup değiştirmeyi iptal et"
"Disable Automatic Group Change Based on VAT ID","Vergi numarasına göre otomatik grup değiştirmeyi iptal et"
"Middle Name/Initial","İkinci Ad"
"Tax/VAT Number","Vergi/Vatandaşlık Numarası"
"Date Of Birth","Doğum Tarihi"
"Created From","Oluşturulduğu Yer"
"Associate to Website","Bağlı Olduğu Site"
"VAT number","Vergi Numarası"
"--------------- v 1.8.0.0 2013-09-28 BASI --------------------","////////////////////////////////////////////////////////////////////////"
"Purchased On","Satın Alındığı Tarih"
"Send Auto-Generated Password","Otomatik Üretilmiş Şifre Gönder"
"--------------- v 1.8.0.0 2013-09-28 SONU --------------------","////////////////////////////////////////////////////////////////////////"
