" and "," ve "
"(Absolute path or Relative to Magento install root, ex. var/export)","(Tam yol veya Magento kurulumu dizininde bir yer belirtiniz.Örnek: var/export)"
"(For US 2-letter state names)","(ABD için 2 harfli eyalet adları)"
"(If left empty will be auto-generated)","(Eğer boş bırakırsanız otomatik oluşturulur)"
"(Leave empty for first spreadsheet)","(İlk sayfa için boş bırakınız)"
"(Products will be added/updated to this store if 'store' column is blank or missing in the import file.)","(Eğer alınan dosyadaki mağaza kolonu boş ise ürünü bu mağazaya bağla.)"
"(Shift-)Click or drag to change value","(Shift-)Sol tık veya sürükleyerek değeri değiştirebilirsiniz"
"(Starting with)","(.. ile başlayan)"
"(When 'No', only mapped fields will be imported. When mapping, use 'column1', 'column2', etc.)","(Eğer 'Hayır' seçerseniz, sadece eşleştirilmiş alanlar alınacak. Eşleme yaparken, 'kolon1', 'kolon2', vs. şeklinde eşleme yapabilirsiniz)"
"(You have to increase php memory_limit before changing this value)","(Bu değeri değiştirmeden önce php memory_limit değerini artırınız)"
"(\\t for tab)","(Sekme için \\t kullanınız)"
"- Click on any of the time parts to increase it","- Artırmak istediğiniz zaman parçasına tıklayınız"
"- Hold mouse button on any of the above buttons for faster selection.","- Hızlı seçim için aşağıdaki butonların üstünde fareyi basılı tutunuz."
"- Use the %s buttons to select month","- Ay seçmek için %s butonlarını kullanınız"
"- Use the %s, %s buttons to select year","- Yıl seçmek için %s, %s butonlarını kullanınız"
"- or Shift-click to decrease it","- veya azaltmak için Shift-Sol tık basınız"
"- or click and drag for faster selection.","- veya hızlı seçim yapmak için tıklayıp sürükleyiniz."
"API:","API:"
"About the calendar","Takvim hakkında"
"Access Denied.","Erişim Engellendi."
"Account Created in:","Hesap Oluşturuldu :"
"Account Created on (%s):","Hesap Oluşturuldu (%s):"
"Account Created on:","Hesap Oluşturuldu :"
"Action","İşlem"
"Actions","İşlemler"
"Add Contents Path","İçerik yolunu ekle"
"Add Field with URL:","Adresle alan ekle :"
"Add Maintainer","Bakım Görevlisi Ekle"
"Add New Role","Rol Ekle"
"Add New Template","Tema Ekle"
"Add New User","Kullanıcı Ekle"
"Add PHP Extension dependency","PHP Eklenti bağımlılığı ekle"
"Add Package dependency","Paket Bağımlılığı ekle"
"Add Subpackage dependency","Alt Paket Bağımlılığı ekle"
"Address Type:","Adres Tipi :"
"All","Hepsi"
"All Websites","Tüm Siteler"
"All fields","Tüm Alanlar"
"Archive file name:","Arşiv Dosyası Adı :"
"Are you sure that you want to delete this template?","Bu şablonu silmek istediğinizden emin misiniz ?"
"Are you sure that you want to strip tags?","HTML etiketlerini temizlemek istediğinizden emin misiniz ?"
"Attribute Set Name:","Özellik Seti Adı :"
"Attributes","Özellikler"
"Available Products","Mevcut Ürünler"
"Big Image","Büyük Resim"
"Billing Address","Fatura Adresi"
"Bundle Items","Hediye Ürünler"
"Bundle with dynamic pricing cannot include custom defined options. Options will not be saved.","Değişken fiyatlı hediye ürün özel oluşturulmuş seçenekler içeremez. Seçenekler kaydedilmedi."
"CSV / Tab separated","CSV / Sekme ile ayrılmış"
"Card Verification Number","Kart Doğrulama Numarası (CVV)"
"Catalog","Katalog"
"Channel","Kanal"
"Channel:","Kanal:"
"Choose Store View","Mağaza Görünümü Seç"
"Client Session timeout (sec.)","İstemci Oturumu Zaman Aşımı (sn.)"
"Close","Kapat"
"Comments History","Yorum Geçmişi"
"Confirmed email:","Doğrulanmış Mail :"
"Connect with the Magento Community","Magento Topluluğu İle İletişim Kur"
"Contents","İçerik"
"Country:","Ülke :"
"Credit Card Number","Kredi Kartı Numarası"
"Credit Card Number: xxxx-%s","Kredi Kartı Numarası : xxxx-%s"
"Credit Card Type","Kredi Kartı Tipi"
"Credit Card Type: %s","Kredi Kartı Tipi: %s"
"Credit Memo History","Alacak Kaydı Geçmişi"
"Credit Memo Totals","Alacak Kaydı Toplamları"
"Current Configuration Scope:","Ayar Havuzu :"
"Current Release Information","Sürüm Bilgisi"
"Custom","Özel"
"Customer Group:","Müşteri Grubu :"
"Customer Since:","Üyelik Süresi :"
"Customers","Müşteriler"
"DHTML Date/Time Selector","DHTML Tarih/Saat Seçici"
"Dashboard","Genel Görünüm"
"Data Format","Veri Biçimi"
"Data transfer:","Veri Aktarımı :"
"Date selection:","Tarih Seçimi :"
"Date selector","Tarih Seçici"
"Date:","Tarih :"
"Decimal separator:","Ondalık Ayırıcı :"
"Default (Admin) Values","Varsayılan (Yönetici) Değerleri"
"Default Values","Varsayılan Değerler"
"Delete","Sil"
"Dependencies","Bağımlılıklar"
"Description:","Açıklama :"
"Direction:","Yön :"
"Display %s first","Önce %s göster"
"Distributed under GNU LGPL. See %s for details.","GNU LGPL lisansı ile dağıtılmaktadır. Detaylar için gözatınız : %s ."
"Done By:","Yapan :"
"Done by:","Yapan :"
"Download Remote File","Uzak dosya indir"
"Drag to move","Taşımak için sürükleyiniz"
"Edit Role","Rolü Düzelt"
"Edit User '%s'","Kullanıcı Düzelt '%s'"
"Email","Email"
"Email Preview","Email Önizleme"
"Email:","Email:"
"Enclose Values In:","Değerleri içine ekle :"
"Entity type:","Varlık tipi:"
"Excl. Tax","Vergi Hariç"
"Exclude","Hariç Tut"
"Expiration Date","Son Kullanma Tarihi"
"Expiration Date: %s/%s","Son Kullanma Tarihi : %s/%s"
"Export","Dışarı Ver"
"Export Filters","Filtreleri Dışarı Ver"
"Export to:","Verileceği Yer :"
"Export:","Dışarı ver :"
"Extension","Eklenti"
"Extensions","Eklentiler"
"FTP Host[:Port]","FTP Sunucu[:Port]"
"Field Mapping","Alan Eşleştirme"
"File Information","Dosya Bilgisi"
"File name:","Dosya Adı :"
"Final Price","Fiyat"
"First Name:","Adı :"
"For latest version visit: %s","Son sürüm için bakınız : %s"
"From","Kimden"
"General Settings","Genel Ayarlar"
"Get help for this page","Bu sayfa için yardım al"
"Global Record Search","Genel Kayıt Arama"
"Go Today","Bugüne Git"
"Google Base Items","Google Base Ürünleri"
"Group:","Grup :"
"Help Us Keep Magento Healthy - Report All Bugs","Magento'yu daha sağlam yapmamız için bize yardımcı olun. Hataları rapor edin."
"Ignore","Gözardı Et"
"Images","Resimler"
"Import","Veri Al"
"Import Service","Veri Alma Hizmeti"
"In Database:","Veritabanında :"
"In File:","Dosyada :"
"Inactive","Pasif"
"Incl. Tax","Vergi Dahil"
"Include","Dahil et"
"Installed As","Kuruldu"
"Interactive","Etkileşimli"
"Interface Locale: %s","Arayüz Dili : %s"
"Invalid webservice adapter specified","Hatalı web hizmeti adaptörü belirtildi"
"Invalid webservice handler specified","Hatalı web hizmeti tutamacı belirtildi"
"Invoice History","Fatura Geçmişi"
"Invoice Totals","Fatura Toplamları"
"Issue Number","No"
"Issuer: %s","Yayınlayan : %s"
"Last 5 Orders","Son 5 Sipariş"
"Last 5 Search Terms","Son 5 Arama"
"Last Logged In (%s):","Son Giriş (%s):"
"Last Logged In:","Son Giriş :"
"Last Name:","Soyadı :"
"Latest Message:","Son Mesaj :"
"Leave empty to use tax identifier","Vergi belirtecini kullanmak için boş bırakınız"
"Level","Seviye"
"License:","Lisans:"
"Loading...","Yükleniyor..."
"Local Server","Yerel Sunucu"
"Local/Remote Server","Yerel/Uzak Sunucu"
"Log Out","Çıkış"
"Logged in as %s","Giriş yapıldı %s"
"MS Excel XML","MS Excel XML"
"Magento Core Api","Magento Core Api"
"Magento Core Api Section","Magento Core Api Bölümü"
"Magento Logo","Magento Logosu"
"Magento ver. %s","Magento vers. %s"
"Magento&trade; is a trademark of Irubin Consulting Inc. DBA Varien.<br/>Copyright &copy; %s Irubin Consulting Inc.","Magento&trade; Irubin Consulting Inc. DBA Varien firmasının tescilli markasıdır.<br/> &copy; %s Tüm Hakları Saklıdır."
"Maintainers","Geliştirenler"
"Manage Stores","Mağazaları Yönet"
"Max","En fazla"
"Min","En az"
"N/A","Yok"
"Name","Adı"
"Name on Card","Kart Sahibi"
"Name on the Card: %s","Kart Sahibi : %s"
"Name:","Adı :"
"Next month (hold for menu)","Sonraki Ay (menü için basılı tutunuz)"
"Next page","Sonraki Sayfa"
"Next year (hold for menu)","Sonraki Yıl (menü için basılı tutunuz)"
"No","Hayır"
"No Data Found","Veri bulunamadı"
"No search keywords.","Arama kelimesi yok."
"Note:","Not :"
"Notes:","Notlar :"
"Number of records:","Kayıt Sayısı :"
"Old rate:","Eski Puan :"
"Only mapped fields","Sadece eşleştirilen alanlar"
"Order Totals","Sipariş Toplamları"
"Order confirmation email not sent","Sipariş onaylama mesajı gönderilemedi"
"Order confirmation email sent","Sipariş onaylama mesajı gönderildi"
"Original Magento attribute names in first row:","İlk satırdaki Orijinal Magento özellik adları :"
"Package","Paket"
"Package Information","Paket Bilgisi"
"Packages","Paketler"
"Page","Sayfa"
"Passive mode","Pasif Mod"
"Password","Şifre"
"Path","Dosya Yolu"
"Path:","Dosya Yolu :"
"PayPal Email","PayPal Email Adresi"
"Personal Information","Kişisel Bilgiler"
"Phone:","Telefon :"
"Please confirm site switching. All data that hasn\'t been saved will be lost.","Site değişimini onaylayınız. Kaydedilmemiş tüm verileriniz kaybolacak."
"Please enter 6 or more characters.","En az 6 veya daha fazla karakter girmelisiniz."
"Please enter a number greater than 0 in this field.","0 (sıfır) dan büyük bir rakam girmelisiniz."
"Please enter a valid $ amount. For example $100.00.","Lütfen geçerli bir rakam giriniz. Örnek: $100.00."
"Please enter a valid URL. For example http://www.example.com or www.example.com","Geçerli bir web adresi giriniz. Örnek: http://www.example.com veya www.example.com"
"Please enter a valid URL. http:// is required","Geçerli bir web adresi giriniz. http:// gereklidir"
"Please enter a valid credit card number.","Lütfen geçerli bir kredi kartı numarası giriniz."
"Please enter a valid date.","Lütfen geçerli bir tarih giriniz."
"Please enter a valid email address. For example johndoe@domain.com.","Lütfen geçerli bir e-mail adresi giriniz. Örnek : adiniz@domain.com"
"Please enter a valid number in this field.","Lütfen enter geçerli bir rakam giriniz."
"Please enter a valid phone number. For example (123) 456-7890 or 123-456-7890.","Lütfen geçerli bir telefon numarası giriniz. Örenek (123) 456-7890 veya 123-456-7890."
"Please enter a valid social security number. For example 123-45-6789.","Lütfen geçerli bir vergi numarası giriniz. Örnek 123456789012345."
"Please enter a valid value from list","Lütfen listeden geçerli bir değer giriniz"
"Please enter a valid value, ex: 10,20,30","Lütfen geçerli bir değer giriniz, örnek: 10,20,30"
"Please enter a valid zip code.","Lütfen geçerli posta kodu değeri giriniz."
"Please enter a valid zip code. For example 90602 or 90602-1234.","Lütfen geçerli posta kodu değeri giriniz. Örnek: 34100,06122 gibi."
"Please enter valid password.","Lütfen geçerli bir şifre giriniz."
"Please make sure that your changes were saved before running the profile.","Lütfen yaptığınız değişiklikleri kaydettiğinizden emin olmadan profil çalıştırmayınız."
"Please make sure your passwords match.","Lütfen yazdığınız şifrelerin aynı olduğundan emin olunuz."
"Please select State/Province.","Lütfen Şehir seçiniz."
"Please select an option.","Lütfen seçeneklerden birini seçiniz."
"Please select one of the above options.","Lütfen yukarıdaki seçeneklerden birini seçiniz."
"Please select one of the options.","Lütfen seçeneklerden birini seçiniz."
"Please use in this field only ""a-z,0-9,_"".","Lütfen bu alanda sadece ""a-z,0-9,_"" karakterlerini kullanınız"
"Please use letters only (a-z) in this field.","Lütfen bu alanda sadece harf (a-z) kullanınız."
"Please use numbers only in this field. please avoid spaces or other characters such as dots or commas.","Lütfen bu alanda sadece rakam kullanınız. Lütfen boşluk, tire ve diğer karakterleri kullanmayınız."
"Please use only letters (a-z) or numbers (0-9) only in this field. No spaces or other characters are allowed.","Lütfen bu alanda sadece harfler (a-z) ve rakamlar (0-9) kullanınız. Lütfen boşluk, tire ve diğer karakterleri kullanmayınız."
"Please use only letters (a-z) or numbers (0-9) or spaces and # only in this field.","Lütfen bu alanda sadece harfler (a-z), rakamlar (0-9), boşluk ve diyez (#) kullanınız.."
"Please use this date format: dd/mm/yyyy. For example 17/03/2006 for the 17th of March, 2006.","Lütfen sadece bu biçimde tarih giriniz : gg/aa/yyyy. Örnek : 17 Mart 2006 için 17/03/2006."
"Please wait, loading...","Lütfen bekleyiniz, yükleniyor..."
"Prev. month (hold for menu)","Önceki Ay (menü için basılı tutunuz)"
"Prev. year (hold for menu)","Sonraki Ay (menü için basılı tutunuz)"
"Previous page","Önceki Sayfa"
"Price","Fiyat"
"Price:","Fiyat:"
"Primary Billing Address","Birincil Fatura Adresi"
"Product","Ürün"
"Products","Ürünler"
"Profile Information","Profil Bilgisi"
"Provided Files","Sağlanan Dosyalar"
"Qty","Adet"
"Read details","Detayları oku"
"Recommended","Tavsiye edilen"
"Remote FTP","Uzak FTP"
"Remote URL:","Uzak Adres :"
"Resource Access","Kaynak Erişimi"
"Resources","Kaynaklar"
"Role","Rol"
"Role Users","Rol Kullanıcıları"
"Roles","Roller"
"Roles Resources","Rol Kaynakları"
"SKU","Ürün Kodu"
"SKU:","Ürün Kodu :"
"Select All","Hepsini Seç"
"Select Date","Tarih Seç"
"Select Range","Aralık Seç"
"Select Visible","Görünenleri Seç"
"Select date","Tarih Seç"
"Shipment Comments","Teslimat yorumları"
"Shipment History","Teslimat geçmişi"
"Shipping Address","Teslimad adresi"
"Shipping address selection is not applicable","Teslimat adresi seçimi uygulanabilir değil"
"Shipping method selection is not applicable","Teslimat yöntemi seçimi uygulanabilir değil"
"Show Report for","Rapor Göster"
"Show by","Gösterim Modu"
"Some items in this order have different invoice and shipment types. You can create shipment only after the invoice is created.","Siparişe dahil ürünlerden biri veya birkaçı farklı fatura ve teslimat tipi gerektiriyor. Lütfen fatura oluşturulduktan sonra teslimat bilgilerini oluşturunuz."
"Sort Order","Sıralama"
"Spreadsheet Name:","Sayfa Adı :"
"Start Date","Başlama Tarihi"
"State/Province:","Şehir :"
"Status","Durum"
"Status:","Durum :"
"Stock Quantity:","Stok Adedi :"
"Store:","Mağaza :"
"Subpackage","Alt Paket"
"Subpackages","Alt Paketler"
"Summary:","Özet :"
"Switch/Solo Only","Sadece Switch/Solo"
"Switch/Solo card issue number: %s","Switch/Solo Kartı Issue No : %s"
"Switch/Solo card start Date: %s/%s","Switch/Solo Kartı Kullanım Başlangıcı : %s/%s"
"Switch/Solo/Maestro(UK Domestic) Only","Sadece Switch/Solo/Maestro (İngiltere için geçerli)"
"Switch/Solo/Maestro(UK Domestic) card issue number: %s","Switch/Solo/Maestro (İngiltere için geçerli) Kart Issue No : %s"
"Switch/Solo/Maestro(UK Domestic) card start Date: %s/%s","Switch/Solo/Maestro(İngiltere için geçerli) Kart Başlama Tarihi : %s/%s"
"The information in this tab has been changed.","Bu sekmedeki bilgiler değişti."
"This is a required field.","Bu alanın doldurulması zorunlu."
"This tab contains invalid data. Please solve the problem before saving.","Bu sekmede geçersiz bir veri var. Kaydetmeden önce bu hatayı düzeltiniz."
"Thumbnail","Küçük Resim"
"Time selection:","Saat Seçimi :"
"Time:","Saat :"
"To","Kime"
"Top 5 Search Terms","En Popüler 5 Aranan Kelime"
"Total %d records found","Toplam %d kayıt bulundu"
"Track order","Sipariş İzleme"
"Track this shipment","Bu teslimatı izle"
"Type","Tip"
"Type:","Tip:"
"Unable to login.","Giriş yapılamadı."
"Unselect All","Seçimi İptal Et"
"Unselect Visible","Görünenlerin Seçimini İptal Et"
"Upgrade All Available Packages","Tüm Gereken Paketleri Güncelle"
"Upload Local File","Yerel Dosya Yükle"
"Upload local file:","Yerel Dosya Yükle:"
"Use Default Value","Varsayılan Değeri Yükle"
"User","Kullanıcı"
"User Name","Kullanıcı Adı"
"User Roles","Kullanıcı Rolleri"
"User name","Kullanıcı Adı"
"Users","Kullanıcılar"
"Value Delimiter:","Değer Ayracı :"
"Version:","Versiyon:"
"View","Göster"
"View Statistics for","İstatistikler Göster"
"Visibility:","Görünürlük :"
"Warning! Empty value can cause problems with CSV format.","Dikkat! Boş değerler CSV biçimli dosyada sorun oluşturabilir."
"Warning!\r\nThis action will remove this user from already assigned role\r\nAre you sure?","Dikkat!\r\nBu işlem kullanıcıyı bağlı olduğu rolden ayıracaktır\r\nEmin misiniz ?"
"Warning!\r\nThis action will remove those users from already assigned roles\r\nAre you sure?","Dikkat!\r\nBu işlem kullanıcıları bağlı olduğu rollerden ayıracaktır\r\nEmin misiniz ?"
"Web Services","Web Hizmetleri"
"Web Services Configuration","Web Hizmetleri Ayarları"
"What is this?","Bu nedir ?"
"Yes","Evet"
"You have","Sahipsiniz"
"Your Account has been deactivated.","Hesabınız pasifleştirildi."
"Your server PHP settings allow you to upload files not more than %s at a time. Please modify post_max_size (currently is %s) and upload_max_filesize (currently is %s) values in php.ini if you want to upload larger files.","Sunucunuzun PHP ayarları aynı anda %s adetten fazla dosya yüklenmesine izin vermiyor. Bu sorunu aşmak için post_max_size (mevcut ayar %s) ve upload_max_filesize (mevcut ayar %s) parametrelerinin değerini yükseltin."
"Zip/Postal Code:","Posta Kodu:"
"critical","kritik"
"images/logo.gif","images/logo.gif"
"items selected","kayıt seçildi"
"major","büyük"
"md5sum","md5sum"
"minor","küçük"
"notice","not"
"of %s pages","/ Toplam %s sayfa"
"per page","sayfa başı"
"to"," -> "
"--------------- v 1.3 2009-04-01 BASI --------------------","////////////////////////////////////////////////////////////////////////"
"(\t for tab)","(sekme için \t kullanınız)"
"Please confirm site switching. All data that hasn't been saved will be lost.","Site değişimini onaylayınız. Kaydedilmemiş tüm verileriniz kaybolacak."
"Warning!rnThis action will remove this user from already assigned rolernAre you sure?","Dikkat!rnBu işlem kullanıcıyı bağlı olduğu rolden ayıracaktırrnEmin misiniz ?"
"Warning!rnThis action will remove those users from already assigned rolesrnAre you sure?","Dikkat!rnBu işlem kullanıcıları bağlı olduğu rollerden ayıracaktırrnEmin misiniz ?"
"--------------- v 1.3 2009-04-01 SONU --------------------","////////////////////////////////////////////////////////////////////////""--------------- v 1.3 2009-08-05 BASI --------------------","////////////////////////////////////////////////////////////////////////"
"Add","Ekle"
"Add new store view map","Yeni mağaza görünüm haritası ekle"
"Add new website map","Yeni site haritası ekle"
"Create a backup","Yedek Oluştur"
"Create New Staging Store View","Yeni Gösterilecek Mağaza Görünümü Ekle"
"Created <strong>%s</strong> items","<strong>%s</strong> kayıt oluşturuldu"
"Finished items creation.","Kayıt oluşturma tamamlandı."
"Items to merge","Birleştirilecek kayıtlar"
"Mapping Configuration","Harita Ayarları"
"Merge Now","Birleştir"
"Module version conflict!","Modül sürümü çakışması !"
"or","veya"
"Please, select a store view","Lütfen bir mağaza görünümü seçiniz"
"Processed <strong>%s%% %s/%d</strong> items","<strong>%s%% %s/%d</strong> kayıt işlendi"
"Remove","Sil"
"Schedule Merge","Zamanlanmış Birleştirme"
"Select website from map","Haritadan başlangıcı"
"Select website to map","Harita sonu"
"Staging Store: ","Gösterim Mağazası : "
"Staging Website: ","Gösterim Sitesi : "
"Store: ","Mağaza : "
"Website: ","Site : "
"Websites","Siteler"
"Websites / Stores","Siteler / Mağazalar"
"--------------- v 1.3 2009-08-05 SONU --------------------","////////////////////////////////////////////////////////////////////////"
"--------------- v 1.3 2009-12-09 BASI --------------------","////////////////////////////////////////////////////////////////////////"
"Address Verification System","Adres Onaylama Sistemi"
"CVV2 check by PayPal","CVV2 kontrolü PayPal tarafından yapılıyor"
"Clear","Temizle"
"Customer account status","Müşteri hesap durumu"
"Default Billing Address","Varsayılan Fatura Adresi"
"JavaScript/CSS","JavaScript/CSS"
"JavaScript/CSS Cache","JavaScript/CSS Ara belleği"
"None","Yok"
"Seller protection eligibility","Satıcı koruması uygunluğu"
"Shipping address status","Teslimat adresi durumu"
"This is a demo store. Any orders placed through this store will not be honored or fulfilled.","Bu bir deneme mağazasıdır. Verilen siparişler değerlendirilmeyecektir."
"Transaction Id","İşlem No"
"Verified by Centinel Software","Centinel Software tarafından onaylanmıştır"
"We detected that your JavaScript seem to be disabled.","Tarayıcınızda JavaScript çalıştırma özelliğinin kapalı olduğu tespit edildi."
"You must have JavaScript enabled in your browser to utilize the functionality of this website.","Bu sitenin çalışabilmesi için tarayıcınızın Javascript çalıştırma özelliğinin açık olması gerekiyor."
"--------------- v 1.3 2009-12-09 SONU --------------------","////////////////////////////////////////////////////////////////////////"
"--------------- v 1.4.2.0 2010-12-09 BASI --------------------","////////////////////////////////////////////////////////////////////////"
"-- Please Select Billing Agreement--","-- Ödeme Sözleşmesi Seçiniz --"
"Access denied.","Erişim engellendi."
"Authors","Yazarlar"
"Billing Agreement","Ödeme Sözleşmesi"
"Child Transactions","Alt İşlemler"
"Client Session Timeout (sec.)","İstemci Zamanaşımı (saniye)"
"Created At","Oluşturulma Tarihi"
"Customer","Müşteri"
"Default Response Charset","Cevap için Varsayılan Karakter Seti"
"Files","Dosyalar"
"Finished profile execution.","Profil çalıştırma tamamlandı."
"General Information","Genel Bilgi"
"Invalid webservice adapter specified.","Hatalı web servisi adaptörü seçildi."
"Invalid webservice handler specified.","Hatalı web servisi tutamacı seçildi."
"Is Closed","Kapatıldı"
"Links with associated products will retain only after saving current product.","Bağlı ürünlerle ilişkili linkler bu ürün kaydedildikten sonra tutulacak."
"Magento&trade; is a trademark of Magento Inc.<br/>Copyright &copy; %s Magento Inc.","Magento &trade; Magento Inc.<br/>Tüm hakları saklıdır &copy; %s Magento Inc."
"Make sure that data encoding in the file is consistent and saved in one of supported encodings (UTF-8 or ANSI).","Dosyanın karakter kodunun sorunsuz olduğundan ve izin verilen karakter setlerinden biri (UTF-8 veya ANSI) olduğundan emin olunuz."
"No information available.","Bilgi yok."
"No profile loaded...","Profil yüklenmedi..."
"Order ID","Sipariş No"
"Order cannot be placed.","Sipariş kaydedilemedi."
"Parent Transaction ID","Üst İşlem No"
"Please Select","Lütfen Seçiniz"
"Please continue with placing order.","Lütfen devam edip siparişi tamamlayınız."
"Please wait while the indexes are being refreshed.","İndeksler tazelenene kadar bekleyiniz."
"Preview","Önizleme"
"Reference ID","Referans No"
"Show By","Listele"
"Show Report For","Rapor Göster"
"Start/Reset Validation...","Onaylamayı Başlat/Sıfırla..."
"Starting profile execution, please wait...","Profil çalıştırılıyor, lütfen bekleyiniz..."
"Switch/Solo/Maestro Only","Sadece Switch/Solo/Maestro"
"Target","Hedef"
"The card has failed verification with the issuer bank.","Kart sağlayıcı banka bu karta onay vermedi."
"There has been wrong payment information submitted or time limit has expired. Please, try again.","Hatalı kart bilgisi girildi veya kart limiti yetersiz. Lütfen tekrar deneyiniz."
"Track Order","Sipariş İzle"
"Transaction Data","İşlem Verisi"
"Transaction Details","İşlem Detayları"
"Transaction ID","İşlem No"
"Transaction Type","İşlem Tipi"
"Updated At","Güncelleme Tarihi"
"Verification Failed","Onaylama Hatası"
"Verification Successful","Onaylama Tamamlandı"
"Verification cannot be processed","Onaylama işlemi yapılamadı"
"View Statistics For","İstatistik Göster"
"Warning: Please do not close the window during importing/exporting data","Dikkat : Veri alınırken/verilirken bu pencereyi kapatmayınız"
"Your account has been deactivated.","Hesabınız pasifleştirildi."
"--------------- v 1.4.2.0 2010-12-09 SONU --------------------","////////////////////////////////////////////////////////////////////////"
"--------------- v 1.5.0.0-rc2 2011-02-05 BASI --------------------","////////////////////////////////////////////////////////////////////////"
" note that the URLs provided below are the correct values for your current website): "," mevcut web siteniz için doğru adresler aşağıdadır): "
"10:40 AM","10:40 ÖÖ"
"80px x 80px","80px x 80px"
"80x80 px","80x80 px"
"Activate","Aktifleştir"
"Add More Templates","Daha Fazla Tema Ekle"
"Add to Cart","Sepete Ekle"
"Add to Wishlist","Takip Listesine Ekle"
"AirMail Template Preview","AirMail Tema Önizleme"
"Apply Theme","Temayı Uygula"
"As low as:","En Düşük Fiyat :"
"Back","Geri"
"Cancel URL: ","İptal Adresi : "
"Carrier","Taşıyıcı"
"Chairs","Sandalyeler"
"Change Orientation","Yönünü Değiştir"
"Choose a selection...","Bir seçim yapınız..."
"Continue","Devam"
"Credit Card %s","Kredi Kartı %s"
"Custom Colors","Özel Renk Seçimi"
"Do not enable AVS or CSC options.  The do not work when using Payflow Link Silent Mode.","AVS veya CSC seçeneklerini aktifleştirmeyiniz.  Payflow Link Silent Mode'da çalıştığında bu özellikler de çalışmaz."
"Do not set any fields in the Billing and Shipping Information block as editable in your Payflow accout.","Payflow hesabınızda Fatura ve Teslimat Bilgisi bloklarındaki alanları düzeltilebilir olarak ayarlamayınız."
"Edit Filter","Filtreyi Düzenle"
"Enable Secure Token:","Güvenli Jetonu Etkinleştir :"
"Entity Attributes","Ürün Özellikleri"
"Export FAQ","Veri Aktarma SSS"
"FILTERS APPLIED","FİLTRELER UYGULANDI"
"Go to messages inbox","Mesaj Kutusuna Git"
"Go to notifications","Duyurular Sayfasına Git"
"Home","Ana Sayfa"
"If your Magento instance is used for multiple websites, you must configure a separate Payflow Link account for each website.","Eğer Magento kurulumunuz birden çok web sitesinde kullanılıyorsa, her biri için ayrı bir Payflow Bağlantı hesabı açmalısınız."
"Import / Export FAQ (Frequently Asked Questions)","Veri Alma / Verme SSS (Sık Sorulan Sorular)"
"Import FAQ","Veri Alma SSS"
"Important: ","Önemli: "
"In Stock","Stokta var"
"Inactive Tabs","Pasif Sekmeler"
"Log In","Giriş Yap"
"Main Tabs","Ana Sekmeler"
"Make Inactive","Pasifleştir"
"Make sure that you configure the design settings for the Payflow Link form in your Payflow link account.","Payflow hesabınızdaki Payflow Link formunda tasarım ayarlarını düzgün yaptığınızdan emin olunur."
"More Tabs","Diğer Sekmeler"
"On my website","Sitemde"
"Once you log into your Payflow Link account, navigate to the Service Settings - Hosted Checkout Pages - Set Up menu and set the options described below","Payflow Link hesabınıza giriş yapın, Service Settings - Hosted Checkout Pages - Set Up menüsüne girin ve aşağıda açıklandığı gibi ayarları yapın"
"Options menu items","Seçenekler menü maddeleri"
"Out of stock","Stokta yok"
"Please enter another credit card number to complete your purchase.","Lütfen siparişi tamamlamak için başka bir kredi kartı kullanınız."
"Please use numbers only in this field. Please avoid spaces or other characters such as dots or commas.","Lütfen bu alanda sadece rakam kullanınız."
"Preset Theme","Tema Seçimi"
"Product Name3 ","Ürün Adı3 "
"Product Name3 1","Ürün Adı3 1"
"Product Name3 2","Ürün Adı3 2"
"Qty:","Adet:"
"Regular Price:","Normal Fiyat :"
"Required settings","Zorunlu ayarlar"
"Reset","Sıfırla"
"Reset Successful","Sıfırlama tamamlandı"
"Return URL: ","Dönüş Adresi : "
"SORT BY:","SIRALA :"
"Save Theme","Temayı Kaydet"
"Screens:","Ekranlar :"
"Select Template","Tema Seç"
"Show confirmation page: ","Onay Sayfasını Göster : "
"Silent Post URL:","Gizli Veri Gönderme Adresi :"
"Some other FAQ","Diğer SSS"
"Special Price:","Özel Fiyat :"
"Synchronization is required.","Eşitleme işlemi yapmanız gerekiyor."
"System busy","Sistem Meşgul"
"T-Shirts","Tişörtler"
"Tell a Friend","Arkadaşına Tavsiye Et"
"Template Name","Tema Adı"
"Theme has been saved.","Tema kaydedildi."
"Title bar","Başlık alanı"
"To cancel pending authorizations and release amounts that have already been processed during this payment, click Cancel.","Bekleyen onay isteklerini iptal etmek ve bu ödeme esnasında işlenen ücretleri serbest bırakmak için, İptal butonuna basınız."
"To use Payflow Link, you must configure your Payflow Link account on the Paypal website.","Payflow Link'i kullanmak için, Paypal web sitesinden Payflow Link hesabının ayarlarını yapmalısınız."
"Unknown Error","Bilinmeyen hata"
"Unknown Error.","Bilinmeyen hata."
"Update Preview","Önizlemeyi Güncelle"
"Use Silent Post:","Gizli veri göndermeyi kullan:"
"Validation Results","Doğrulama Sonuçları"
"View Details","Detayları Göster"
"View Gallery","Galeriyi Göster"
"You have %s unread message(s).","%s okunmamış mesajınız var."
"--------------- v 1.5.0.0-rc2 2011-02-05 SONU --------------------","////////////////////////////////////////////////////////////////////////"
"--------------- v 1.5.1.0 2011-05-10 BASI --------------------","////////////////////////////////////////////////////////////////////////"
"(For Type ""Local Server"" need to use relative path to Magento install var/export or var/import, e.g. var/export, var/import, var/export/some/dir, var/import/some/dir)","(""Yerel Sunucu"" seçeneği için Magento kurulumunun içindeki var/export veya var/import şeklindeki bir klasörü veriniz. Örnek: var/export, var/import, var/export/ornek/klasor, var/import/ornek/klasor) gibi"
"(Includes more countries than those listed below. As the application owner, you are responsible for complying with country-specific laws related to the distribution or sale of your application into that country, including your home country.)","(Aşağıda listelenenden daha fazla ülke içerir. Uygulamanın sahibi olarak, uygulamanızın satıldığı ülkelerdeki yasal mevzuata uyması konusunda sorumlusunuz, buna kendi ülkeniz de dahildir.)"
"ASCII","ASCII"
"All locations","Tüm yerler"
"BINARY","BINARY"
"Changes have been saved to theme.","Tema değişiklikleri kaydedildi."
"Deselect All","Seçimi Kaldır"
"Error","Hata"
"File mode","Dosya modu"
"Helper attributes should not be used in custom layout updates.","Helper özellikleri özel tema değişikliklerinde kullanılmamalıdır."
"Invalid timezone","Hatalı zaman dilimi"
"Loading Preview...","Önizleme yükleniyor..."
"Magento Core API Section","Magento Core API Bölümü"
"Magento Core API","Magento Core API"
"Order","Sipariş"
"Reset theme to default","Temayı varsayılana sıfırla"
"The profile you are trying to save no longer exists","Kaydetmeye çalıştığınız profil veritabanında bulunamadı"
"Theme configurations are successfully reset.","Tema ayarları sıfırlandı."
"Try Magento Go for Free","Magento Go'yu Ücretsiz Deneyin"
"WS-I Compliance","WS-I Uyumluluğu"
"XML data is invalid.","XML verisi hatalı."
"XML object is not instance of ""Varien_Simplexml_Element"".","XML nesnesi ""Varien_Simplexml_Element"" in bir örneği olmalı."
"--------------- v 1.5.1.0 2011-05-10 SONU --------------------","////////////////////////////////////////////////////////////////////////"
"--------------- v 1.6.0.0-rc1 2011-07-19 BASI --------------------","////////////////////////////////////////////////////////////////////////"
"Are you sure you want to delete this theme? This change will affect all applications.","Bu temayı silmek istediğinizden emin misiniz ? Bu değişiklik tüm uygulamaları etkileyecektir."
"Cancel","İptal"
"Delete theme","Temayı Sil"
"Only custom theme can be deleted","Sadece özel temalar silinebilir"
"Only default theme can be reset","Sadece varsayılan tema sıfırlanabilir"
"Save","Kaydet"
"Save As","Farklı Adla Kaydet"
"Theme label can\'t be empty","Tema adı boş bırakılamaz"
"Theme label:","Tema adı :"
"--------------- v 1.6.0.0-rc1 2011-07-19 SONU --------------------","////////////////////////////////////////////////////////////////////////"
"--------------- v 1.7.0.0-alpha 2012-04-28 BASI --------------------","////////////////////////////////////////////////////////////////////////"
"Can not find webservice adapter.","Webservis çeviricisi bulunamadı."
"Enable WSDL Cache","WSDL Önbelleğini Etkinleştir"
"SOAP/XML-RPC - Roles","SOAP/XML-RPC - Rolleri"
"SOAP/XML-RPC - Users","SOAP/XML-RPC - Kullanıcıları"
"--------------- v 1.7.0.0-alpha 2012-04-28 SONU --------------------","////////////////////////////////////////////////////////////////////////"
