"No detail for number ""%s"""," ""%s"" numara için detay yok"
" The customer doesn't exist in the system anymore"," Bu müşteri sistemde bulunamadı"
"""%s"" coupon code is not valid.","""%s"" kupon kodu geçerli değil."
"separate by "",""",""","" ile ayır"
"The item %s (SKU %s) doesn't exist in the catalog anymore","%s (Kod: %s) katalogda yok"
"%s order(s) succesfully released from holding status","%s adet sipariş beklemeden çıkarıldı"
"%s order(s) successfully put on hold","%s adet sipariş beklemeye alındı"
"%s order(s) succesfully canceled","%s adet sipariş iptal edildi"
"Create New Order for %s in %s","%s için %s üzerinde sipariş oluştur"
"Create New Order for %s","%s için Sipariş Ekle"
"Order was placed using %s","%s kullanılarak sipariş eklendi"
"Create New Order for New Customer in %s","%s Yeni Müşterisi için Yeni Sipariş Ekle"
"<span style=""color:red"">Warning: when catalog prices include tax, should be set to ""No""</span>","<span style=""color:red"">Dikkat : katalogdaki fiyatlara vergi dahilse, ""Hayır"" seçmelisiniz</span>"
"<span style=""color:red"">Requires Tax Based On Shipping Origin</span>","<span style=""color:red"">Teslimat Adresine Göre Vergilendirme gerekiyor</span>"
"Add a gift message for <strong>each gift item</strong>","<strong>Her hediye ürün için</strong> hediye mesajı ekle"
"Add a gift message for the <strong>entire order</strong>","<strong>Siparişin tamamı için</strong> hediye mesajı ekle"
"Ship to Name","Alıcı"
"Ship to First name","Alıcı Adı"
"Ship to First Name","Alıcı Soyadı"
"First Name","Adınız"
"Qty","Adet"
"QTY","ADET"
"Update Qty's","Adetleri güncelle"
"Address","Adres"
"Save in address book","Adres Defterine kaydet"
"Shopping Cart","Alışveriş Sepeti"
"To","Alıcı"
"To:","Alıcı :"
"To Name","Alıcı İsim"
"Can not load track with retrieving identifier.","Alınmakta olan kimlik için izleme bilgisi çekilemedi."
"SOLD TO:","ALICI :"
"Subtotal","Ara Toplam"
"Adjustment Fee","Ayarlama Ücreti"
"Adjustment Refund","Ayarlama Ücreti İadesi"
"Adjustment Refund:","Ayarlama Ücreti İadesi:"
"Adjustment Fee:","Ayarlama Ücreti:"
"State/Province","Şehir"
"Refunded","İade edildi"
"Refund Amount","İade Edilen Toplam"
"Invalid qty to refund item ""%s""","İade için yanlış miktar/adet ""%s"""
"Action","İşlem"
"Actions","İşlemler"
"Processing","İşleniyor"
"Original Price","İlk Fiyatı"
"Discount","İndirim"
"Discount ","İndirim "
"Discount (%s)","İndirim (%s)"
"Discount :","İndirim :"
"Discount Amount","İndirim Toplamı"
"Cancel","İptal"
"Canceled","İptal Edildi"
"Qty Canceled","İptal Edilen Adet"
"Send Tracking Information","İzleme Bilgisini Gönder"
"Tracking Number(s)","İzleme Numaraları"
"Tracking Number","İzleme Numarası"
"Tracking number can not be empty.","İzleme Numarası boş bırakılamaz."
"Can not retrieve tracking number detail.","İzleme numarası detayı alınamıyor."
"Add Tracking Number","İzleme Numarası Ekle"
"Can not add tracking number.","İzleme numarası eklenemedi."
"Can not initialize shipment for adding tracking number.","İzleme numarası eklenmek üzere sipariş çekilirken hata oluştu."
"Can not delete tracking number.","İzleme numarası silinemedi."
"Can not initialize shipment for delete tracking number.","İzleme numarası silinmek üzere sipariş çekilirken hata oluştu."
"Refunds","Ücret İadeleri"
"Print Refund","Ücret İadelerini Yazdır"
"Refund","Ücret İadesi"
"Refund #","Ücret İadesi #"
"Refund #%s","Ücret İadesi #%s"
"Refund Offline","Ücret İadesi (Offline)"
"Items to Refund","Ücret İadesi Yapılacak Ürünler"
"Items Refunded","Ücret İadesi Yapılan Ürünler"
"Country","Ülke"
"Product","Ürün"
"Item","Ürün"
"Product Name","Ürün Adı"
"Item qty declare error","Ürün adedi belirtme hatası"
"Can not update item qty","Ürün adet bilgisi güncellenemedi"
"Item Status","Ürün Durumu"
"Add Product","Ürün Ekle"
"No items","Ürün yok"
"Products","Ürünler"
"Sorry, no quotes are available for this order at this time.","Üzgünüz, bu sipariş için şu an fiyat bulunamadı."
"Paid","Ödendi"
"Total Due","Ödenecek Tutar"
"Paid Amount","Ödenen Miktar"
"Total Paid","Ödenen Toplam"
"Backordered","Ön sipariş yapıldı"
"Link to the previous order","Önceki siparişe bağlantı"
"Custom Value","Özel Değer"
"Capture Offline","Bağlı Değilken Tahsit Et"
"Title","Başlık"
"Capture Online","Bağlıyken Tahsil Et"
"Some items have quantities exceeding allowed quantities. Please select a lower quantity to checkout.","Bazı ürünlerin adedi, izin verilenden fazla. Lütfen siparişi tamamlamak için daha düşük bir adet seçiniz."
"Track all shipment(s)","Bütün kargoları izle"
"Track all shipments","Bütün kargoları izle"
"Pending","Beklemede"
"On Hold","Beklemede"
"Unhold","Beklemeden Çıkar"
"Notified","Bildirilmiş"
"Information","Bilgi"
"Can not register existing creditmemo","Bilinen Alacak Kaydı kaydedilemez"
"Unknown Status","Bilinmeyen Durum"
"Unknown State","Bilinmeyen Durum"
"Can not create block ""%s""","Blok oluşturulamadı ""%s"""
"Track this shipment","Bu kargoyu izle"
"Are you sure you want to cancel this order?","Bu siparişi iptal etmek istediğinizden emin misiniz ?"
"Recently Viewed Products","Daha Önce Görülen Ürünler"
"Recently Viewed","Daha Önce Görülenler"
"Recently Compared Products","Daha Önce Karşılaştırılan Ürünler"
"Edit","Düzenle"
"Update Changes","Değişiklikleri güncelle"
"Document","Doküman"
"Signed Up From","Doldurulan Form"
"Status","Durum"
"Change Status","Durumu Değiştir"
"Newsletter Subscription","Duyuru Listesi Aboneliği"
"Subscribe to Newsletter","Duyuru Listesine Abone Ol"
"Email Order Confirmation","E-Mail Sipariş Onayı"
"Add","Ekle"
"Qty To Add","Eklenecek Adet"
"Email","Email"
"Are you sure?","Emin misiniz ?"
"Are you sure? This order will be cancelled and a new one will be created instead","Emin misiniz ? Bu sipariş iptal edilerek yerine yeni sipariş oluşturulacak"
"Invoice","Fatura"
"Invoice #","Fatura #"
"Invoice # ","Fatura # "
"Invoice #%s","Fatura #%s"
"Billing Address","Fatura Adresi"
"Same As Billing Address","Fatura Adresi ile aynı"
"Invoice capture error","Fatura alınırken hata oluştu"
"Invoice was successfully captured","Fatura alındı"
"Invoice Email Sender","Fatura E-Mail Göndericisi"
"Invoice Email Template","Fatura E-Mail Teması"
"Invoice email sent","Fatura e-maili gönderildi"
"Invoice email not sent","Fatura e-maili gönderilemedi"
"Send Invoice Email Copy To","Fatura E-Mailinin Kopyasını Gönder"
"Invoice Update","Fatura Güncelleme"
"Bill to Name","Fatura için Ad"
"Bill to First name","Fatura için Adınız"
"Bill to Last name","Fatura için Soyadınız"
"Invoice was successfully canceled.","Fatura iptal edildi."
"Invoice cancel error.","Fatura iptali sırasında hata oluştu."
"Invoice was successfully voided","Fatura kapatıldı"
"Invoice void error","Fatura kapatıldı"
"Can not save invoice","Fatura kaydedilemiyor"
"Invoice was successfully created.","Fatura oluşturuldu."
"Invalid qty to invoice item ""%s""","Fatura satırı için yanlış miktar/adet ""%s"""
"Invoice Date","Fatura Tarihi"
"Invoice and shipment was successfully created.","Fatura ve teslimat belgesi oluşturuldu."
"Invoice Comments","Fatura Yorumları"
"Invoice Comment Email Sender","Fatura Yorumu E-Mail Göndericisi"
"Invoice Comment Email Template","Fatura Yorumu E-Mail Teması"
"Send Invoice Comment Email Copy To","Fatura Yorumu E-Mailinin Kopyasını Gönder"
"Can not register existing invoice","Fatura zaten var yeniden kaydedilemez"
"Qty to Invoice","Faturalanacak Adet"
"Items to Invoice","Faturalanacak Ürünler"
"Qty Invoiced","Faturalanan Adet"
"Items Invoiced","Faturalanan Ürünler"
"Invoiced","Faturalandı"
"Invoices","Faturalar"
"Print Invoices","Faturaları Yazdır"
"Email Copy of Invoice","Faturanın E-Mail Kopyası"
"Submit Invoice","Faturayı Gönder"
"Print Invoice","Faturayı Yazdır"
"Price","Fiyat"
"G.T. (Purchased)","G.Toplam (Ödenen)"
"G.T. (Base)","G.Toplam (Site Kuru)"
"Shipped By","Gönderen"
"From","Gönderen"
"From:","Gönderen :"
"From Name","Gönderen Adı"
"Shipped","Gönderilen"
"View","Göster"
"Recent Orders","Geçmiş Siparişler"
"Grand Total","Genel Toplam"
"Grand Total:","Genel Toplam:"
"Returned","Geri Dönen"
"Gift","Hediye"
"Gift Certificate","Hediye Kuponları"
"Gift Message","Hediye Mesajı"
"View All","Hepsini Göster"
"Print All","Hepsini Yazdır"
"Account Information","Hesap Bilgisi"
"You have placed no orders.","Hiç sipariş eklemediniz."
"Void","Kapat"
"Closed","Kapatıldı"
"Products in Compare List","Karşılaştırma Listesindeki Ürünler"
"Mixed","Karışık"
"Shipping","Kargo"
"Shipment","Kargo"
"Ship","Kargo"
"Shipment #","Kargo #"
"Shipment #%s","Kargo #%s"
"Shipping Address","Kargo Adresi"
"Ship to","Kargo Alıcısı"
"SHIP TO:","KARGO ALICISI :"
"Tax Class for Shipping","Kargo İçin Vergi Sınıfı"
"Submit Shipment","Kargo Belgesini Gönder"
"Shipping Information","Kargo Bilgisi"
"Shipment Email Sender","Kargo E-Mail Göndericisi"
"Shipment Email Template","Kargo E-Mail Teması"
"Shipment email sent","Kargo e-maili gönderildi"
"Shipment email not sent","Kargo e-maili gönderilemedi"
"Send Shipment Email Copy To","Kargo E-Mailinin Kopyasını Gönder"
"Packingslip # ","Kargo Fişi # "
"Print Packingslips","Kargo Fişlerini Yazdır"
"Shipment was successfully sent.","Kargo gönderildi."
"Shipment Update","Kargo Güncellemesi"
"Invalid qty to ship for item ""%s""","Kargo için yanlış miktar/adet ""%s"""
"Can not save shipment.","Kargo kaydedilemiyor."
"Create Shipment","Kargo Oluştur"
"Shipment was successfully created.","Kargo oluşturuldu."
"Shipping Amount","Kargo Toplamı"
"Click to change shipping method","Kargo yöntemini değiştirmek için tıklayınız"
"Shipment Comments","Kargo Yorumları"
"Shipment Comment Email Sender","Kargo Yorumu E-Mail Göndericisi"
"Shipment Comment Email Template","Kargo Yorumu E-Mail Teması"
"Send Shipment Comment Email Copy To","Kargo Yorumu E-Mailinin Kopyasını Gönder"
"Can not register existing shipment","Kargo zaten var yeniden kaydedilemez"
"Date Shipped","Kargolama Tarihi"
"Items to Ship","Kargolanacak Ürünler"
"Can not send shipment information.","Kargolanacak mal bilgisi gönderilemiyor."
"Qty Shipped","Kargolanan Adet"
"Items Shipped","Kargolanmış Ürünler"
"Shipments","Kargolar"
"Print Shipment","Kargoları Yazdır"
"Email Copy of Shipment","Kargonun E-Mail Kopyası"
"Catalog prices include tax","Katalog fiyatlarına vergi dahil"
"Partial","Kısmi"
"Sku","Ürün Kodu"
"SKU","Ürün Kodu"
"Creditmemos","Alacak Kaydı"
"Credit Memos","Alacak Kaydı"
"Creditmemo","Alacak Kaydı"
"Credit Memo","Alacak Kaydı"
"Credit Memo #","Alacak Kaydı #"
"Credit Memo # ","Alacak Kaydı # "
"Credit Memo Email Sender","Alacak Kaydı E-Mail Göndericisi"
"Credit Memo email not sent","Alacak Kaydı E-Mail mesajı gönderildi"
"Credit Memo Email Template","Alacak Kaydı E-Mail Teması"
"Credit Memo Comment Email Sender","Alacak Kaydı E-Mail'i için Gönderici"
"Credit Memo Comment Email Template","Alacak Kaydı E-Mail'i için Tema"
"Credit Memo email sent","Alacak Kaydı E-Maili gönderildi"
"Send Credit Memo Email Copy To","Alacak Kaydı E-Mailinin Kopyasını Gönder"
"Credit Memo Update","Alacak Kaydı Güncellemesi"
"Credit Memo was successfully canceled.","Alacak Kaydı iptal edildi."
"Credit Memo cancel error.","Alacak Kaydı iptalinde hatası."
"Credit Memo was successfully voided","Alacak Kaydı kapatıldı"
"Credit Memo void error","Alacak Kaydı kapatma hatası"
"Can not save credit memo","Alacak Kaydı kaydedilemiyor"
"Credit Memo was successfully created","Alacak Kaydı oluşturuldu"
"Credit Memo total must be positive.","Alacak Kaydı Toplamı sıfırdan büyük bir değer olmalıdır."
"Credit Memo Comments","Alacak Kaydı Yorumları"
"Send Credit Memo Comment Email Copy To","Alacak Kaydı Yorumu E-Mailinin Kopyasını Gönder"
"Submit Credit Memo","Alacak Kaydını Gönder"
"Email Copy of Credit Memo","Alacak Kaydının E-Mail Kopyası"
"Remove Coupon Code","Kupon Kodunu Sil"
"Apply Coupon Code","Kupon Kodunu Uygula"
"Coupons","Kuponlar"
"Please select products to add","Lütfen eklenecek ürünleri seçiniz"
"Please select a store","Lütfen mağaza seçiniz"
"Please select a customer","Lütfen müşteri seçiniz"
"Logo (200x50)","Logo (200x50 px) "
"Store Credit","Mağaza Kredisi"
"Customer Name","Müşteri Adı"
"Create New Customer","Müşteri Ekle"
"Customer Group","Müşteri Grubu"
"Notify Customer","Müşteriyi Bilgilendir"
"Message","Mesaj"
"Message:","Mesaj:"
"Amount","Miktar"
"Guest","Misafir"
"Credit Memo Update for Guest","Misafir için Alacak Kaydı Güncellemesi"
"Invoice Email Template for Guest","Misafir Kullanıcı için Fatura Email Teması"
"Invoice Update for Guest","Misafir Kullanıcı için Fatura Güncelleme"
"Invoice Comment Email Template for Guest","Misafir Kullanıcı için Fatura Notu Email Teması"
"New Credit Memo for Guest","Misafir Kullanıcı için Alacak Kaydı"
"Credit Memo Email Template for Guest","Misafir Kullanıcı için Alacak Kaydı E-maili Teması"
"Credit Memo Comment Email Template for Guest","Misafir Kullanıcı için Alacak Kaydı Not E-maili Teması"
"New Shipment for Guest","Misafir Kullanıcı için Sipariş"
"Order Update for Guest","Misafir Kullanıcı için Sipariş Güncellemesi"
"Order Comment Email Template for Guest","Misafir Kullanıcı için Sipariş Notu E-maili Teması"
"New Order Confirmation Template for Guest","Misafir Kullanıcı için Sipariş Onay Teması"
"Shipment Email Template for Guest","Misafir Kullanıcı için Teslimat E-maili Teması"
"Shipment Update for Guest","Misafir Kullanıcı için Teslimat Güncellemesi"
"Shipment Comment Email Template for Guest","Misafir Kullanıcı için Teslimat Notu E-maili Teması"
"New Invoice for Guest","Misafir Kullanıcı için Yeni Fatura"
"New Order for Guest","Misafir Kullanıcı için Yeni Sipariş"
"ID","No"
"Not Notified","Bildirilmemiş"
"Number","Numara"
"Create","Oluştur"
"Created At","Oluşturulma Tarihi"
"PDF Invoices","PDF Faturalar"
"PDF Packingslips","PDF Kargo Fişleri"
"PDF Credit Memos","PDF Alacak Kaydı"
"Sales Emails","Satış Mailleri"
"Sales","Satışlar"
"Purchased from (store)","Satın Alındığı Mağaza"
"Purchased On","Satın Alındığı Tarih"
"Purchased From","Satın Alındığı Yer"
"Row Total","Satır Toplamı"
"Add Selected Product(s) to Order","Seçilen Ürünleri Siparişe Ekle"
"There are no printable documents related to selected orders","Seçili siparişler için yazılabilecek doküman bulunamadı"
"This order no longer exists.","Seçtiğiniz sipariş bulunamıyor."
"Add to Cart","Sepete Ekle"
"Remove","Sil"
"Delete","Sil"
"Order","Sipariş"
"Order # ","Sipariş # "
"Order #","Sipariş #"
"Order # %s","Sipariş # %s"
"Order # %s | Order Date %s","Sipariş # %s | Sipariş Tarihi %s"
"Order #%s","Sipariş #%s"
"Order #%s - %s","Sipariş #%s - %s"
"Order Subtotal","Sipariş Ara Toplamı"
"Order Subtotal:","Sipariş Ara Toplamı :"
"Order was not unholded.","Sipariş beklemeden çıkarılamadı."
"Order was successfully released from holding status.","Sipariş beklemeden çıkarıldı."
"Order was not put on hold.","Sipariş beklemeye alınamadı."
"Order was successfully put on hold.","Sipariş beklemeye alındı."
"Order Information","Sipariş Bilgisi"
"Can't get order instance","Sipariş bilgisi alınamıyor"
"Order not longer exist","Sipariş bulunamıyor"
"Order not longer exist.","Sipariş bulunamıyor."
"Order Details","Sipariş Detayları"
"Order Status","Sipariş Durumu"
"Send Order Email Copy To","Sipariş E-Mailinin Kopyasını Gönder"
"Items Ordered","Sipariş Edilen Ürünler"
"Create New Order","Sipariş Ekle"
"Order View","Sipariş Görünümü"
"Order Update","Sipariş Güncelle"
"Order Update (Invoice)","Sipariş Güncelle (Fatura)"
"Order Update (Shipment)","Sipariş Güncelle (Kargo)"
"Order Update (Credit Memo)","Sipariş Güncelle (Alacak Kaydı)"
"Order History","Sipariş Geçmişi"
"Can not add order history.","Sipariş geçmişi eklenemiyor."
"Order Grand Total","Sipariş Genel Toplamı"
"About This Order:","Sipariş Hakkında :"
"Can not do invoice for order","Sipariş için fatura oluşturulamadı"
"Gift Message for this Order","Sipariş için Hediye Mesajı"
"Can not do shipment for order.","Sipariş için kargo belgesi oluşturulamadı."
"Can not do credit memo for order","Sipariş için Alacak Kaydı alma"
"Order was successfully cancelled.","Sipariş iptal edildi."
"Order was not cancelled.","Sipariş iptal edilemedi."
"Order saving error: %s","Sipariş kaydedilirken hata oluştu : %s"
"Order Currency:","Sipariş Para Birimi :"
"Checkout totals sort order","Sipariş sonu toplamları sıralama şekli"
"Order Date","Sipariş Tarihi"
"Order Date: ","Sipariş Tarihi: "
"Order Date: %s","Sipariş Tarihi: %s"
"Order Total","Sipariş Toplamı"
"Order Totals","Sipariş Toplamları"
"Qty Ordered","Sipariş Verilen Adet"
"Order Comments","Sipariş Yorumları"
"Order Comment","Sipariş Yorumu"
"Order Comment Email Sender","Sipariş Yorumu E-Maili Göndericisi "
"Order Comment Email Template","Sipariş Yorumu E-Maili Teması"
"Send Order Comment Email Copy To","Sipariş Yorumu E-Mailinin Kopyasını Gönder"
"Add Order Comments","Sipariş Yorumu Ekle"
"Add To Order","Siparişe Ekle"
"Ordered","Sipariş Adedi"
"Track Order","Siparişi İzle"
"Edit Order #%s","Siparişi Düzenle #%s"
"Subscribe to Order Status","Siparişi Durumu Bilgisine Abone Ol"
"Submit Order","Siparişi Gönder"
"View Order","Siparişi Göster"
"Print Order","Siparişi Yazdır"
"Print Order # %s","Siparişi Yazdır # %s"
"Gift Message for Entire Order","Siparişin Tamamı için Hediye Mesajı"
"Track your order","Siparişini izle"
"About Your Order","Siparişiniz hakkında"
"Orders","Siparişler"
"Orders was unholded","Siparişler beklemeden çıkarıldı"
"Orders was successfully put on hold","Siparişler beklemeye alındı"
"Orders was canceled","Siparişler iptal edildi"
"My Orders","Siparişlerim"
"My Orders - Details","Siparişlerim - Detaylar"
"Back to My Orders","Siparişlerime Dön"
"Last ordered items","Son sipariş verilen ürünler"
"Ship to Last name","Soyada Gönder"
"Last Name","Soyadı"
"Carrier","Taşıyıcı"
"You need specify carrier.","Taşıyıcıyı seçmelisiniz."
"Grand Total to be charged","Tahsil edilecek Genel Toplam"
"Payment Information","Tahsilat Bilgisi"
"Payment Method","Tahsilat Yöntemi"
"No Payment Methods","Tahsilat Yöntemi Yok"
"Wishlist","Takip Listesi"
"Complete","Tamamlandı"
"Date","Tarih"
"Print All Refunds","Tüm Ücret İadelerini Yazdır"
"Print All Invoices","Tüm Faturaları Yazdır"
"Print All Shipments","Tüm Kargoları Yazdır"
"Print Credit Memos","Tüm Alacak Kaydını Yazdır"
"Telephone","Telefon"
"Shipping & Handling","Teslimat & Teslimalma"
"Shipping & Handling:","Teslimat & Teslimalma:"
"Shipping &amp; Handling","Teslimat &amp; Teslimalma"
"Shipping &amp; Handling Information","Teslimat &amp; Teslimalma Bilgisi"
"Shipping Refund","Teslimat Ücret İadesi"
"Shipping Method","Teslimat Yöntemi"
"Shipping Method:","Teslimat Yöntemi:"
"Get shipping methods and rates","Teslimat Yöntemlerini ve Fiyatları Al"
"Total Qty","Toplam Adet"
"Total Refunded","Toplam İade Edilen Ücret"
"Total Refund","Toplam Ücret İadesi"
"Total(inc)","Toplam(dah.)"
"Total(ex)","Toplam(har.)"
"Capture Amount","Toplamı Al"
"Hold","Tut"
"Hold action is not available","Tutma işlemi kullanılamaz"
"Apply","Uygula"
"Select from existing customer addresses:","Varolan müşteri adreslerinden seç :"
"Tax","Vergi"
"Tax :","Vergi :"
"Tax Based On","Vergi Dayanağı"
"Tax Calculation","Vergi Hesaplama"
"Tax Amount","Vergi Oranı"
"Apply Tax after Discount","Vergiyi İndirimden Sonra Uygula"
"Processing data problem","Veri işleme hatası"
"Website","Web sitesi"
"Capture","Tahsil Edildi"
"Not Capture","Tahsil Edilmedi"
"Print","Yazdır"
"New","Yeni"
"Add New Address","Yeni Adres Ekle"
"New Status","Yeni Durum"
"New Invoice","Yeni Fatura"
"New Shipment","Yeni Kargo"
"New Credit Memo","Yeni Alacak Kaydı"
"Create New Order for New Customer","Yeni Müşteri için Yeni Sipariş Ekle"
"New Order","Yeni Sipariş"
"New Order Confirmation Email Sender","Yeni Sipariş Onay E-Maili Göndericisi "
"New Order Confirmation Template","Yeni Sipariş Onay E-Maili Teması"
"New Order RSS","Yeni Sipariş RSS Akışı"
"Link to the new order","Yeni siparişe bağlantı"
"Reorder","Yeniden Sipariş"
"Allow Reorder","Yeniden Siparişe İzin Ver"
"Refresh","Yenile"
"Comment","Yorum"
"Comment text field can not be empty.","Yorum alanı boş bırakılamaz."
"Can not add new comment.","Yorum eklenemedi."
"Comments History","Yorum Geçmişi"
"Comment Text","Yorum Yazısı"
"Append Comments","Yorumları Ekle"
"Submit Comment","Yorumu Gönder"
"ZIP/Post Code","ZIP/Posta Kodu"
"---------------version 1.2 - siteden cekilen dosyalarla eklendi--------------------","////////////////////////////////////////////////////////////////////////"
" The customer doesn\'t exist in the system anymore","Müşteri sistemde kayıtlı değil"
"%s / %s rate:","%s / %s kuru :"
"%s for %s","%s, %s için"
"%s order(s) successfully canceled","%s sipariş(ler) iptal edildi"
"%s order(s) successfully released from holding status","%s sipariş(ler) beklemeden çıkarıldı"
"* - Enter custom price excluding tax","* - Vergi hariç özel fiyat giriniz"
"* - Enter custom price including tax","* - Vergi dahil özel fiyat giriniz"
"Add Gift Messsage","Hediye Mesajı Ekle"
"Add Products","Ürün Ekle"
"Add Selected Product(s) to Option","Seçili Ürünleri Seçeneklere Ekle"
"Add comment to order","Siparişe Yorum/Not ekle"
"Add new comment to shipment","Kargoya Yorum/Not ekle"
"Add new tracking number","İzleme numarası ekle"
"Buy %s for price %s","%s al, %s öde"
"Can not do invoice for order.","Sipariş için fatura oluşturulamadı."
"Can\'t get order instance","Sipariş bilgisine bağlanılamadı"
"Cancel invoice","Faturayı İptal Et"
"Cancel order","Siparişi İptal Et"
"Cannot create an empty shipment.","Boş teslimat oluşturulamaz."
"Capture invoice","Faturayı tahsil et"
"Change status, add comments","Durumu değiştir, yorum ekle"
"Comments","Yorumlar"
"Create new invoice for order","Sipariş için yeni fatura oluştur"
"Create new shipment for order","Sipariş için teslimat fişi oluştur"
"Custom Options","Özel Seçenekler"
"Custom Price","Özel Fiyat"
"Customer","Müşteri"
"Customer\'s Current Activities","Müşterinin İşlemleri"
"Date of Birth","Doğum Tarihi"
"Default logo, will be used in PDF and HTML documents.<br />(jpeg, tiff, png)","PDF ve HTML dokümanlarda kullanılmak üzere varsayılan logo.<br />(jpeg, tiff, png dosyaları kabul edilmektedir)"
"Description message","Açıklama mesajı"
"Discount%s","İndirim %s"
"Display Order ID in Header","Başlıkta Sipariş Numarası Göster"
"Edit Gift Messsage","Hediye Mesajı Düzenle"
"Enable","Aç"
"Enabled","Açık"
"Error to show in shopping cart","Alışveriş sepetinde gösterilecek hata"
"Excl. Tax","Vergi Hariç"
"Hold order","Siparişi Beklemeye Al"
"If empty, the default description above will be used","Eğer boş bırakırsanız, varsayılan açıklama kullanılacak"
"If empty, the default error above will be used","Eğer boş bırakırsanız, yukarıdaki varsayılan hata kullanılacak"
"Incl. Tax","Vergi Dahil"
"Invalid carrier specified.","Hatalı taşıyıcı seçimi."
"Invalid item option format","Hatalı ürün seçeneği biçimi"
"Invalid renderer model","Hatalı yorumlayıcı modeli"
"Invalid request for adding product to quote","Siparişe ürün eklemek için hatalı istek"
"Invoice and Packing Slip Design","Fatura ve Kargo Fişi Tasarımı"
"Invoice can not be canceled","Fatura iptal edilemiyor"
"Invoice can not be captured","Fatura tahsil edilemiyor"
"Invoice can not be void","Fatura iptal edilemiyor"
"Invoice cancel problem","Fatura iptal problemi"
"Invoice capture problem","Fatura tahsil problemi"
"Invoice void problem","Fatura iptal problemi"
"Item object is not specified.","Ürün nesnesi belirtilmedi."
"Item option with code %s already exist","%s koduyla ürün seçeneği zaten var"
"Item options declare error","Ürün seçeneği belirtme hatası"
"Item ordered qty","Sipariş verilen adet"
"Items options declare error.","Ürün seçeneği belirtme hatası."
"Logo for HTML documents only. If empty, default will be used.<br />(jpeg, gif, png)","Sadece HTML dokümanları için kullanılacak logo. Boş bırakırsanız varsayılan kullanılacak.<br />(jpeg, gif, png dosyaları kabul edilmektedir)"
"Logo for HTML print view","HTML yazdırma görünümü için logo"
"Logo for PDF print-outs (200x50)","PDF yazdırma için logo (200x50)"
"Minimum amount","En az Toplam"
"Minimum order amount","En az Sipariş Toplamı"
"Move to Shopping Cart","Alışveriş Sepetine Taşı"
"Move to Wishlist","Takip Listesine Taşı"
"Multi-address description message","Çoklu adres açıklama mesajı"
"Multi-address error to show in shopping cart","Alışveriş sepetinde gösterilmek üzere Çoklu Adres Hatası"
"Name","Adı"
"No Items","Hiç Ürün Yok"
"No Items To Refund","Ücret iadesi için ürün yok"
"No ordered items","Hiç ürün sipariş edilmedi"
"No shipping information available","Teslimat bilgisi yok"
"Order API","Sipariş API si"
"Order Credit Memos","Sipariş Alacak Kaydı"
"Order Date (%s)","Sipariş Tarihi(%s)"
"Order Invoices","Sipariş Faturaları"
"Order Shipments","Sipariş Teslimat Fişleri"
"Order invoice","Sipariş faturası"
"Order object is not specified.","Sipariş nesnesi belirtilmedi."
"Order shipments","Sipariş teslimat fişleri"
"PDF Print-outs","PDF Yazdırma"
"PDF object is not specified.","PDF nesnesi belirtilmedi."
"PDF page object is not specified.","PDF sayfa nesnesi belirtilmedi."
"Payment Failed","Tahsilat Yapılamadı"
"Payment Method:","Tahsilat Yöntemi :"
"Pending PayPal","PayPal Bekleniyor"
"Pending Payment","Ödeme Bekleniyor"
"Placed from IP","IP"
"Please enter positive number in this field.","Lütfen bu alana sıfırdan büyük bir sayı giriniz."
"Qty to Refund","Ücret İadesi Yapılacak Adet"
"Qty to Ship","Teslim Edilecek Adet"
"Refund Shipping","Teslimat Ücretini İade Et"
"Refund Totals","Ücret İade Toplamları"
"Remove tracking number","İzleme numarasını sil"
"Retrieve invoice info","Fatura bilgisi al"
"Retrieve invoice information","Fatura bilgisi al"
"Retrieve list of invoices by filters","Fatura listesini filtreleyerek al"
"Retrieve list of orders by filters","Sipariş listesini filtreleyerek al"
"Retrieve list of shipments by filters","Teslimat listesini filtreleyerek al"
"Retrieve order information","Sipariş bilgisi al"
"Retrieve orders info","Sipariş bilgisi al"
"Retrieve shipment info","Teslimat fişi bilgisi al"
"Retrieve shipment information","Teslimat fişi bilgisi al"
"Return to Stock","Stoklara geri döndür"
"Row Subtotal","Satır Ara Toplamı"
"Sales Emails Section","Satış E-mailleri Bölümü"
"Sales Section","Satış Bölümü"
"Save and Close Message","Kaydet ve Mesajı Kapat"
"Send Order Email Copy Method","Sipariş E-Maili Kopyalama Yöntemi"
"Shipping and Tracking Information","Teslimat ve İzleme Bilgisi"
"Some of the products below don\'t have all the required options. Please remove them and add again with all the required options.","Aşağıdaki ürünlerden bazıları için gerekli seçeneklerde eksiklikler var. Lütfen sorunlu ürünleri silip gerekli seçeneklerle tekrar ekleyiniz."
"Source object is not specified.","Kaynak nesne belirtilmedi."
"Subtotal after discount","İndirimden Sonraki Ara Toplam"
"Subtotal:","Ara Toplam :"
"TAX/VAT Number","Vergi/Vatandaşlık No"
"Tax Percent","Vergi Yüzdesi"
"The item %s (SKU %s) doesn\'t exist in the catalog anymore","%s (Ürün Kodu %s) sistemde yok"
"This message will be shown in shopping cart when subtotal after discount less than minimum amount","İndirimden sonraki tutar izin verilen en düşük sipariş toplamından küçükse bu mesaj alışveriş sepetinde gösterilecektir"
"Tier Pricing","Kanal Fiyatı"
"Total %d product(s)","Toplam %d ürün"
"Total Shipping Charges","Teslimat Ücretleri Toplamı"
"Total Tax","Vergi Toplamı"
"Tracking","İzleme"
"Unhold order","Siparişi bekleme konumundan çıkar"
"Update Items and Qty\'s","Ürünleri ve Adetleri Güncelle"
"Update Qty\'s","Adetleri Güncelle"
"Validate each address separately in multi-address checkout","Çoklu adrese teslim yapılması durumunda her adresi doğrula"
"Void invoice","Faturayı iptal et"
"--------------- v 1.3 2009-04-01 BASI --------------------","////////////////////////////////////////////////////////////////////////"
"Customer's Current Activities","Müşterinin İşlemleri"
"Some of the products below don't have all the required options. Please remove them and add again with all the required options.","Aşağıdaki ürünlerden bazıları için gerekli seçeneklerde eksiklikler var. Lütfen sorunlu ürünleri silip gerekli seçeneklerle tekrar ekleyiniz."
"Update Items and Qty's","Ürünleri ve Adetleri Güncelle"
"--------------- v 1.3 2009-04-01 SONU --------------------","////////////////////////////////////////////////////////////////////////"
"--------------- v 1.3 2009-12-09 BASI --------------------","////////////////////////////////////////////////////////////////////////"
"%s","%s"
"Address model is not defined","Adres modeli belirlenmedi"
"Address total model should be extended from Mage_Sales_Model_Quote_Address_Total_Abstract","Adres toplam modeli Mage_Sales_Model_Quote_Address_Total_Abstract modelinden türetilmeli"
"Amount: %s.","Toplam : %s."
"Are you sure you want to send Creditmemo email to customer?","Müşteriye alacak kaydı bildirimi gönderilsin mi ?"
"Are you sure you want to send Invoice email to customer?","Müşteriye fatura bildirimi gönderilsin mi ?"
"Are you sure you want to send Shipment email to customer?","Müşteriye teslimat bildirimi gönderilsin mi ?"
"At least a payment ID must be set.","En az 1 ödeme numarası belirlenmeli."
"Authorized amount of %s.","Onaylanmış toplam %s."
"Cannot register existing creditmemo","Zaten varolan borç kaydı yeniden kaydedilemez"
"Cannot register existing invoice","Zaten varolan fatura yeniden kaydedilemez"
"Captured amount of %s online.","%s için ücretin tamamı çekildi."
"Close","Kapat"
"Customer My Account Order Creditmemo View","Müşteri Hesabım Sipariş Borç Kaydı Göster"
"Customer My Account Order History","Müşteri Hesabım Sipariş Sipariş  Geçmişi"
"Customer My Account Order Invoice View","Müşteri Hesabım Sipariş Fatura Göster"
"Customer My Account Order Shipment View","Müşteri Hesabım Sipariş Teslimat Bilgisi Göster"
"Customer My Account Order View","Müşteri Hesabım Sipariş Sipariş Detayı Göster"
"Failed to send order email.","Sipariş bildirim maili gönderilemedi."
"Fraud Suspicion","Sahtekarlık Şüphesi"
"Impossible to process transaction with zero amount.","Sıfır toplamla tahsilat işlemi yapılamaz."
"Invalid block: %s","Hatal Blok : %s"
"Invalid draw line data. Please define ""lines"" array","Satır Bilgisi Hatalı. ""lines"" dizisini tanımlayın"
"Invoice and Ship","Fatura ve Teslimat Bilgisi"
"Maximum shipping amount allowed to refound is: %s","İadeye izin verilen en yüksek teslimat ücreti : %s"
"Message was successfully sent","Mesaj gönderildi"
"New Invoice and Shipment for Order #%s","#%s Numaralı Sipariş için Yeni Fatura ve Teslimat Bilgisi"
"New Invoice for Order #%s","#%s Numaralı Sipariş için Yeni Fatura"
"New Shipment for Order #%s","#%s Numaralı Sipariş için Teslimat Bilgisi"
"Non-supported Transaction Type ""%s"".","Desteklenmeyen işlem tipi ""%s""."
"Not enough valid data to save parent transaction ID.","Üst işlem bilgisini kaydetmek için yetersiz bilgi."
"Order does not allow to be canceled.","Siparişin iptal edilmesine izin verilmiyor."
"Order does not allow to create an invoice.","Sipariş için fatura oluşturulmasına izin verilmiyor."
"Order email has been successfully sent.","Sipariş mesajı gönderildi."
"Parent transaction ID must have a transaction ID.","Üst işlem numarası için bir işlem numarası gerekli."
"Payment can be authorized only once.","Ödeme sadece bir kere onaylanabilir."
"Payment transactions disallow storing objects.","Ödeme işlemleri ürünlerin kaydedilmesine izin vermiyor."
"Pdf total model should extend Mage_Sales_Model_Order_Pdf_Total_Default","PDF toplam modeli Mage_Sales_Model_Order_Pdf_Total_Default modelinden türetilmeli"
"Please define PDF object before using","Lütfen kullanmadan önce PDF nesnelerini tanımlayınız"
"Proper payment object must be set.","Uygun ödeme nesnesi belirlenmeli."
"Refunded amount of %s offline.","%s elden iade yapıldı."
"Refunded amount of %s online.","%s siteden iade yapıldı."
"Registered a Void notification.","İptal notu eklendi."
"Registered notification about authorized amount of %s.","%s için ödeme onayı kaydedildi."
"Registered notification about captured amount of %s.","%s için ödeme alındısı kaydedildi."
"Registered notification about refunded amount of %s.","%s için ücret iadesi kaydedildi."
"Requested Payment Method is not available","İstediğiniz Ödeme Yöntemi Kullanılamıyor"
"Sales Invoice Print View","Satış Fatura Yazdırma Görünümü"
"Sales Order Print View","Satış Sipariş Yazdırma Görünümü"
"Sales Shipment Print View","Satış Teslimat Yazdırma Görünümü"
"Send Email","Mail Gönder"
"Send Order Email","Sipariş Maili Gönder"
"Send Sales Emails","Sipariş Mailleri Gönder"
"Shipment #%s (%s)","Teslimat Bilgisi #%s (%s)"
"The Order State ""%s"" must not be set manually."," ""%s"" için Sipariş Durumu elle değiştirilemez."
"The transaction ""%s"" (%s) is already closed.","""%s"" (%s) işlemi zaten kapalı."
"This operation requires an existing transaction object.","Bu işlem için varolan bir işlem nesnesi gerekiyor."
"This order contains (%s) items and therefore cannot be edited through the admin interface at this time, if you wish to continue editing the (%s) items will be removed, the order will be cancelled and a new order will be placed","Bu siparişin içindeki bazı ürünler (%s) şu an Yönetim Panelinden düzeltilemeyecek durumda, eğer (%s) için düzenleme yapmak istiyorsanız bu ürünler silinecek, sipariş iptal edilecek ve yenisi oluşturulacak."
"Tracking Number(s):","İzleme Numaraları :"
"Transaction ""%s"" was already processed.","""%s"" numaralı işlem zaten yapıldı."
"Transaction ID must not be empty.","İşlem Numarası boş olamaz."
"Transaction ID: ""%s"".","İşlem No : ""%s""."
"Voided authorization.","İptal edilen işlem onayı."
"Your credit card will be charged for","Kredi kartınızdan çekilecek tutar"
"--------------- v 1.3 2009-12-09 SONU --------------------","////////////////////////////////////////////////////////////////////////"
"--------------- v 1.4.2.0 2010-12-09 BASI --------------------","////////////////////////////////////////////////////////////////////////"
"%s order(s) cannot be canceled","%s sipariş(ler) iptal edilemiyor"
"%s order(s) have been canceled.","%s sipariş(ler) iptal edildi."
"%s order(s) have been put on hold.","%s sipariş(ler) beklemeye alındı."
"%s order(s) have been released from holding status.","%s sipariş(ler) bekleme durumundan çıkarıldı."
"%s order(s) were not put on hold.","%s sipariş(ler) beklemeye alınamıyor."
"%s order(s) were not released from holding status.","%s sipariş(ler) bekleme durumundan çıkarılamıyor."
"-- Please Select --","-- Lütfen Seçiniz --"
"-- Please Select Billing Agreement--","-- Lütfen Ödeme Onayı Seçiniz --"
"About This Profile:","Bu Profil Hakkında :"
"About Your Invoice","Faturanız Hakkında"
"About Your Refund","İadeniz Hakkında"
"About Your Shipment","Teslimatınız Hakkında"
"Accept Payment","Ödemeyi Kabul Et"
"Accept or Deny Payment","Ödemeyi Kabul Et veya Reddet"
"Activate","Etkinleştir"
"Active","Aktif"
"Address model is not defined.","Adres modeli ayarlanmadı."
"Agreement Information","Sözleşme Bilgisi"
"An item option with code %s already exists.","%s Koduyla bir ürün opsiyonu zaten var."
"Approved the payment online.","Ödeme online olarak kabul edildi."
"Are you sure you want to accept this payment?","Bu ödemeyi kabul ediyor musunuz ?"
"Are you sure you want to deny this payment?","Bu ödemeyi reddetmek istediğinizden emin misiniz ?"
"Are you sure you want to do this?","Bunu yapmak istediğinizden emin misiniz ?"
"Are you sure you want to send order email to customer?","Sipariş e-mailini müşyeriye iletilmesini istiyor musunuz ?"
"Are you sure you want to void the payment?","Ödemeyi iptal etmek istediğinizden emin misiniz ?"
"Are you sure? This order will be canceled and a new one will be created instead","Emin misiniz ? Bu sipariş iptal edilecek, aynı bilgilerle yeni bir sipariş oluşturulacak "
"Authorization","Onay"
"Authorizing amount of %s is pending approval on gateway.","Ödeme sisteminde onay bekleyen %s siparişi için onay veriliyor."
"Back","Geri"
"Back to Billing Agreements","Ödeme Sözleşmeleri Kısmına Dön"
"Back to Recurring Profiles","Periyodik Ödeme Profillerine Dön"
"Bestsellers","En Çok Satanlar"
"Billing","Ödeme"
"Billing Agreement","Ödeme Sözleşmesi"
"Billing Agreement # %s","Ödeme Sözleşmesi # %s"
"Billing Agreement #%s","Ödeme Sözleşmesi #%s"
"Billing Agreement View","Ödeme Sözleşmesi View"
"Billing Agreements","Ödeme Sözleşmeleri"
"CSV","CSV"
"Canceled order offline.","Sipariş iptal edildi."
"Canceled order online.","Sipariş online iptal edildi."
"Cannot add order history.","Sipariş geçmişine eklenemedi."
"Cannot determine the field name.","Alan adı belirlenemedi."
"Cannot do invoice for order.","Bu sipariş için fatura oluşturulamadı."
"Cannot do shipment for order.","Sipariş için teslimat fişi oluşturulamadı."
"Cannot get order instance","Sipariş verisine erişimde sorun oluştu"
"Cannot get the order instance.","Sipariş verisine erişimde sorun oluştu."
"Cannot register an existing credit memo.","Zaten varolan bir alacak kaydı oluşturulamıyor."
"Cannot register existing shipment","Zaten varolan bir teslimat fişi oluşturulamıyor"
"Capturing amount of %s is pending approval on gateway.","%s için yapılan tahsilat işlemi tahsilat servis sağlayıcısında bekliyor."
"Carrier/Method","Taşıyıcı/Yöntem"
"Checkout Totals Sort Order","Alışveriş Sonu Toplamların Sıralanması"
"City","İlçe"
"Comma-separated.","Virgülle ayrılmış."
"Company","Firma"
"Create...","Oluştur..."
"Created billing agreement #%s.","Ödeme sözleşmesi #%s oluşturuldu."
"Created:","Oluşturuldu:"
"Credit Memo #%1$s | %3$s | %2$s (%4$s)","Alacak fişi #%1$s | %3$s | %2$s (%4$s)"
"Credit memo has been created automatically","Alacak fişi otomatik olarak oluşturuldu"
"Customer Can Define Start Date","Müşteri Başlama Tarihini Belirleyebilir"
"Customer Email","Müşteri E-Mail Adresi"
"Customer Last Name","Müşteri Soyadı"
"Denied the payment online.","Online tahsilat reddedildi."
"Deny Payment","Ödemeyi Reddet"
"Description Message","Açıklama Mesajı"
"Edit Order","Siparişi Düzelt"
"Error to Show in Shopping Cart","Sepette Gösterilecek Hata"
"Excel","Excel"
"Expired","Sona Erdi/Zaman Aşımı"
"Failed to cancel the billing agreement.","Ödeme sözleşmesi iptal edilemedi."
"Failed to create billing agreement for this order.","Bu sipariş için ödeme sözleşmesi iptal oluşturulamadı."
"Failed to finish billing agreement wizard.","Ödeme sözleşmesi sihirbazı sonlandırılmadan hata oluştu."
"Failed to send the order email.","Sipariş maili gönderilemedi."
"Failed to start billing agreement wizard.","Ödeme sözleşmesi sihirbazı başlatılamadı."
"Failed to update the payment.","Ödeme bilgisi güncellenirken hata oluştu."
"Failed to update the profile.","Profil güncellenirken sorun oluştu."
"Failed to void the payment.","Ödeme iptal edilirken bir sorun oluştu."
"Fetch","Al"
"General Information","Genel Bilgi"
"Get Payment Update","Ödeme Güncellemesi Al"
"Get Update","Güncelle"
"Gift Message for This Order","Bu sipariş için Hediye Mesajı"
"Gift Message for the Entire Order","Siparişi Tamamı için Hediye Mesajı"
"Grand Total to be Charged","Tahsil Edilecek Genel Toplam"
"Hold action is not available.","Beklemeye alma işlemi kullanılamıyor."
"ID #","No #"
"If empty, the default description above will be used.","Eğer boşsa, aşağıdaki varsayılan açıklama kullanılacak."
"If empty, the default error above will be used.","Eğer boşsa, aşağıdaki varsayılan hata mesajı kullanılacak."
"If the invoice was created offline, try creating an offline creditmemo.","Eğer Fatura elle oluşturulduysa, alacak kaydını da elle oluşturun."
"Initial Fee","Başlangıç Ücreti"
"Initial Fees","Başlangıç Ücretleri"
"Initial period payment","Başlangıç Periyodu Ücreti"
"Invalid block: %s.","Hatalı blok: %s."
"Invalid draw line data. Please define ""lines"" array.","Hatalı satır çizme verisi. Lütfen ""lines"" veri dizisini yeniden düzenleyin."
"Invalid entity model","Hatalı entity modeli"
"Invalid item option format.","Hatalı ürün seçeneği biçimi."
"Invalid request for adding product to quote.","Ürünü sepete eklemek için gönderilen istek hatalı."
"Invoice #%1$s | %2$s | %4$s (%3$s)","Fatura #%1$s | %2$s | %4$s (%3$s)"
"Invoice canceling problem.","Fatura iptal edilemedi."
"Invoice cannot be canceled.","Fatura iptal edilemiyor."
"Invoice cannot be captured.","Fatura tahsil edilemiyor."
"Invoice cannot be voided.","Fatura iptal edilemez."
"Invoice capturing problem.","Fatura tahsil etmede hata oluştu."
"Invoice will be created without communication with payment gateway.","Fatura, ödeme sistemiyle bağlantı kurmadan oluşturulacak."
"Is Closed","Kapatıldı"
"Item options declaration error.","Ürün seçenekleri belirlenirken hata oluştu."
"Item qty declaration error.","Ürün adedi belirlenirken hata oluştu."
"Items","Ürünler"
"Items maximum quantity or price do not allow checkout.","Sipariş Ürünün en yüksek adeti veya en yüksek sipariş toplamı geçildiği için sipariş sonlandırılamıyor."
"Items options declaration error.","Ürün seçenekleri belirleme esnasında hata oluştu."
"Key","Anahtar"
"Last Ordered Items","Son Siparişler"
"Link to the New Order","Yeni Bir Siparişe Bağla"
"Link to the Previous Order","Bir Önceki Siparişe Bağla"
"Logo for HTML Print View","HTML Yazdırma Görünümü için Logo"
"Logo for PDF Print-outs (200x50)","PDF Belgeler için Logo (200x50)"
"Manage","Yönet"
"Maximum shipping amount allowed to refund is: %s","İade için izin verilen en yüksek teslimat ücreti toplamı : %s"
"Minimum Amount","En Düşük Toplam"
"Minimum Order Amount","En Düşük Sipariş Toplamı"
"Multi-address Description Message","Çoklu Adres Açıklama Mesajı"
"Multi-address Error to Show in Shopping Cart","Sepette gösterilecek Çoklu Adres hatası"
"N/A","Yok"
"New Billing Agreement","Yeni Ödeme Sözleşmesi"
"No","Hayır"
"No information available.","Bilgi yok."
"No order(s) were put on hold.","Beklemeye alınmış sipariş yok."
"No order(s) were released from holding status.","Beklemeden Çıkarılmış sipariş yok."
"No valid transaction found for this payment review.","Bu ödeme görünümünde gösterilecek bir işlem yok."
"Nominal Items","Sanal Ürünler / Hizmetler"
"Nominal item can be purchased standalone only. To proceed please remove other items from the quote.","Sanal ürünler ( Fiziksel varlığı olmayan, kargoyla teslim edilmeyen ) tek başına satın alınmalıdır. Normal ürünlerle beraber alınamazlar. Sepetinizde bu tip ürün varsa o ürünleri veya diğer ürünleri çıkarıp deneyiniz."
"Nominal order registered.","Sanal sipariş eklendi."
"Not Initialized","Başlatılamadı"
"Not enough valid data to save the parent transaction ID.","Üst işlem verisini kaydedebilmek için yeterince geçerli veri bulunamadı."
"Notification Not Applicable","Not Uygulanamadı"
"Notify Customer by Email","Müşteriyi E-Mail ile bilgilendir"
"Number of Invoiced Orders","Fatura Edilmiş Sipariş Sayısı"
"Number of Orders","Sipariş Sayısı"
"Number of Refunded Orders","Ücret İadesi Yapılmış Sipariş Sayısı"
"Offline Refunded","Elle İade"
"Online Refunded","Online İade"
"Order # %s %s | %s","Sipariş # %s %s | %s"
"Order History Info","Sipariş Geçmişi"
"Order ID","Sipariş No"
"Order Taxes Report Grouped by Tax Rates","Vergi Oranlarına Göre Gruplanmış Vergi Raporu"
"Original order item that recurring payment profile correspondss to.","Periyodik Ödeme Profiline bağlı ürün."
"PDF total model should extend Mage_Sales_Model_Order_Pdf_Total_Default","PDF total modeli extend Mage_Sales_Model_Order_Pdf_Total_Default u extend etmelidir"
"Parent Transaction ID","Üst İşlem Numarası"
"Payment Method Name","Ödeme Yöntemi Adı"
"Payment Review","Ödeme Kontrol Ediliyor"
"Payment disallow storing objects.","Ödeme, ürünlerin kaydedilmesine izin vermiyor."
"Payment type","Ödeme tipi"
"Payment update has been made.","Ödeme güncellemesi yapıldı."
"Period","Periyod"
"Place Order Using Billing Agreements","Siparişi Ödeme Sözleşmesi Kullanarak Kaydet"
"Please Select Products to Add","Eklenecek Ürünleri Seçiniz"
"Please Select a Customer","Lütfen Müşteri Seçimi Yapınız"
"Please Select a Store","Lütfen Mağaza Seçimi Yapınız"
"Please define PDF object before using.","Kullanmadan önce PDF nesnesi tanımlayınız."
"Please specify a valid grid column alias name that exists in grid table.","Lütfen tabloda kullanılan geçerli takma adlardan birini giriniz."
"Products Bestsellers Report","En Çok Satılan Ürünler Raporu"
"Products in Comparison List","Karşılaştırma Listelerindeki Ürünler"
"Profile #%s","Profil #%s"
"Profile Information","Profil Bilgisi"
"Profile State","Profile Durumu"
"Profit","Kâr"
"Promotion Coupons Usage Report","İndirim Kuponları Kullanım Raporu"
"Purchased From (Store)","Satıldığı Mağaza"
"Purchased Item","Satın Alınan"
"Qty to Add","Eklenecek Adet"
"Quantity Ordered","Sipariş Verilen Adet"
"Rate","Oran"
"Recurring Profile # %s","Periyodik Ödeme Profili # %s"
"Recurring Profile Initial Fee","Periyodil Ödeme Profili Başlangıç Ücreti"
"Recurring Profiles","Periyodik Ödeme Profilleri"
"Recurring Profiles (beta)","Periyodik Ödeme Profilleri (beta)"
"Reference ID","Referans No"
"Reference ID:","Referans No:"
"Refund Shipping (Excl. Tax)","Teslimat Ücretini İade Et (Vergi Hariç)"
"Refund Shipping (Incl. Tax)","Teslimat Ücretini İade Et (Vergi Dahil)"
"Registered notification about approved payment.","Kabul edilen ödeme için mesaj."
"Registered notification about denied payment.","Reddedilen ödeme için mesaj."
"Registered update about approved payment.","Güncellemesi kabul edilen ödeme için mesaj."
"Registered update about denied payment.","Güncellemesi reddedilen ödeme için mesaj."
"Regular Payment","Normal Ödeme"
"Related Orders","İlişkili Siparişler"
"Revenue","Kazanç"
"Sales Discount","İndirim"
"Sales Items","Ürünler"
"Sales Shipping","Teslimat"
"Sales Tax","Vergi"
"Sales Total","Toplam"
"Schedule","Zamanlama"
"Set order for existing transactions not allowed","Varolan işlemler için sipariş belirlemeye izin verilmiyor"
"Ship To","Teslimat Alıcısı"
"Shipment #%1$s | %3$s (%2$s)","Teslimat #%1$s | %3$s (%2$s)"
"Some of the products below do not have all the required options. Please remove them and add again with all the required options.","Aşağıdaki ürünlerden bazılarında gerekli olan seçenekler yok. Lütfen bu tip sorunu olan ürünleri sepetten silip tekrar ekleyerek bu hatayı düzeltiniz."
"Specified profile does not exist.","Profil bulunamıyor."
"Status:","Durum:"
"Street Address","Adres"
"Subtotal after discount.","İndirimden sonraki ara toplam."
"Suspected Fraud","Sahtekarlık Şüphesi"
"Suspend","Beklemeye Al"
"Suspended","Beklemeye Alındı"
"The address total model should be extended from Mage_Sales_Model_Quote_Address_Total_Abstract.","Address Total modeli Mage_Sales_Model_Quote_Address_Total_Abstract'dan extend edilmelidir."
"The billing agreement ""%s"" has been canceled.","Ödeme sözleşmesi ""%s"" iptal edildi."
"The billing agreement ""%s"" has been created.","Ödeme sözleşmesi ""%s"" oluşturuldu."
"The coupon code has been accepted.","Kupon kodu kabul edildi."
"The message has been sent.","Mesaj gönderildi."
"The message was sent.","Mesaj gönderildi."
"The order email has been sent.","Sipariş maili gönderildi."
"The order has been cancelled.","Sipariş iptal edildi."
"The order has been created.","Sipariş oluşturuldu."
"The order has been put on hold.","Sipariş beklemeye alındı."
"The order has been released from holding status.","Sipariş beklemeden çıkarıldı."
"The order has not been cancelled.","Sipariş iptal edildi."
"The order was not put on hold.","Sipariş beklemeye alınmamıştı."
"The order was not unheld.","Sipariş beklemeden çıkarılmamıştı."
"The order was placed using %s","Sipariş %s kullanılarak oluşturuldu"
"The order(s) cannot be canceled","Sipariş(ler) iptal edilemiyor"
"The payment has been accepted.","Ödeme alındı."
"The payment has been denied.","Ödeme reddedildi."
"The payment has been voided.","Ödeme iptal edildi."
"The profile has been updated.","Profil güncellendi."
"The profile has no changes.","Profilde değişen veri yok."
"The profile state has been updated.","Profil durumu güncellendi."
"The requested Payment Method is not available.","İstediğiniz Ödeme Yöntemine ulaşılamıyor."
"The transaction ""%s"" cannot be captured yet.","""%s"" işlemi hala alınamadı."
"There are no billing agreements yet.","Hiç ödeme sözleşmesi yok."
"There are no printable documents related to selected orders.","Seçili siparişler için yazdırılacak bir doküman bulunamadı."
"There is no need to approve this payment.","Bu ödemenin onaylanmasına gerek yok."
"There is no need to deny this payment.","Bu ödemenin reddedilmesine gerek yok."
"There is no update for the payment.","Bu ödeme için bir güncelleme yok."
"This message will be shown in shopping cart when subtotal after discount less than minimum amount.","Bu mesaj İndirimden Sonraki Ara Toplam izin verilenden daha düşük olduğunda sepette gösterilecektir."
"This order contains (%s) items and therefore cannot be edited through the admin interface at this time, if you wish to continue editing the (%s) items will be removed, the order will be canceled and a new order will be placed.","Bu siparişteki bazı ürünler (%s) şu an yönetim sayfasından düzenlenemiyor.Eğer bu düzenlemeye (%s) devam etmek istiyorsanız bu ürüler siparişten çıkarılacak, sipariş iptal edilecek ve yeni bir sipariş oluşturularak ürünler o siparişe eklenecektir."
"This profile state cannot be changed to ""%s"".","Profil durumu ""%s"" olarak değiştirilemedi."
"This will create an offline refund. To create an online refund, open an invoice and create credit memo for it. Do you wish to proceed?","Bu işlem Offline bir ücret iade kaydı oluşturacaktır. Online İade kaydı oluşturmak için, yeni bir fatura oluşturun ve o faturaya bir alacak kaydı ekleyin. Bu işleme devam etmek istiyor musunuz ?"
"Total","Toplam"
"Total (ex)","Toplam (hrç)"
"Total (inc)","Toplam (dah)"
"Total Invoiced","Toplam Faturalanan"
"Total Invoiced Paid","Toplam Faturalanan ve Tahsil Edilen"
"Total Invoiced VS Paid Report","Toplam Faturalanan ve Tahsil Edilenler Raporu"
"Total Invoiced not Paid","Toplam Faturalanan ve Tahsil Edilmeyen"
"Total Ordered Report","Toplam Sipariş Raporu"
"Total Refunded Report","Toplam Ücret İadesi Raporu"
"Total Sales Shipping","Toplam Teslimat"
"Total Shipped Report","Toplam Teslim Edilen Raporu"
"Total Shipping","Toplam Teslimat"
"Transaction ID","İşlem No"
"Transaction Type","İşlem Tipi"
"Transactions","İşlemler"
"Trial ","Deneme "
"Trial Payment","Deneme Ödemesi"
"Trial Period","Deneme Periyodu"
"Trial period payment","Deneme Periyodu Ödemesi"
"Unhold action is not available.","Bekleme Konumundan Çıkar işlemi kullanılamıyor."
"Unsupported transaction type ""%s"".","Desteklenmeyen işlem tipi ""%s""."
"Updated At","Güncelleme Tarihi"
"Updated:","Güncellendi:"
"Use Aggregated Data (beta)","Derlenmiş veri kullan (beta)"
"Validate Each Address Separately in Multi-address Checkout","Çoklu Adresle Sipariş Bitirmede her adresi ayrı teyid et"
"Value","Değer"
"Visible on Frontend","Ön Sayfada Görünür"
"Whether buyer can define the date when billing for the profile begins.","Müşteri faturalama başlamadan önce profil başlangıç tarihini belirleyebilsin."
"Wrong billing agreement ID specified.","Hatalı ödeme sözleşmesi numarası."
"Wrong state: ""%s"".","Hatalı Durum: ""%s""."
"Yes","Evet"
"You will be redirected to the payment system website.","Ödeme Sistemine yönlendiriliyorsunuz."
"Zip/Postal Code","Posta Kodu"
"the credit memo email is not sent","alacak kaydı e-maili gönderilemedi"
"the credit memo email was sent","alacak kaydı e-maili gönderildi"
"the invoice email is not sent","fatura e-maili gönderilemedi"
"the invoice email was sent","fatura e-maili gönderildi"
"the order confirmation email is not sent","sipariş onay e-maili gönderilemedi"
"the order confirmation email was sent","sipariş onay e-maili gönderildi"
"the shipment email is not sent","kargo fişi e-maili gönderilemedi"
"the shipment email was sent","kargo fişi e-maili gönderildi"
"--------------- v 1.4.2.0 2010-12-09 SONU --------------------","////////////////////////////////////////////////////////////////////////"
"--------------- v 1.5.0.0-rc2 2011-02-05 BASI --------------------","////////////////////////////////////////////////////////////////////////"
"Additional Product Info","Ek Ürün Bilgisi"
"An error occurred while assigning order status. Status has not been assigned.","Sipariş durumu eklenirken sorun oluştu. Durum eklenemedi."
"An error occurred while saving order status. The status has not been added.","Sipariş durumu kaydedilirken sorun oluştu. Durum eklenemedi."
"An error occurred while unassigning order status.","Sipariş durumu siparişten ayrılırken sorun oluştu."
"An error occurred while updating the order address. The address has not been changed.","Sipariş adresi güncellenirken sorun oluştu. Adres değişikliği yapılamadı."
"Assign Order Status to State","Sipariş Durumunu Sipariş Seviyesi ile eşleştir"
"Assign Status to State","Durumu Seviye ile eşleştir"
"Assignment Information","Eşleme Bilgisi"
"Changing address information will not recalculate shipping, tax or other order amount.","Adresi değiştirmek kargo ücretlerini ve etkilenen diğer toplamları yeniden hesaplamaz."
"Configure","Ayarla"
"Configure and Add to Order","Ayarla ve Siparişe Ekle"
"Create New Order Status","Yeni Sipariş Durumu Ekle"
"Create New Status","Yeni Durum"
"Default Status","Varsayılan Durum"
"Edit Order %s %s Address","%s %s Sipariş Adresini Düzenle"
"Edit Order Status","Sipariş Durumunu Düzenle"
"Excel XML","Excel XML"
"Gift Options","Hediye Seçenekleri"
"Last status can\'t be unassigned from state.","Son durum seviyeden ayrılamadı."
"New Order Status","Yeni Sipariş Durumu"
"Order Address Information","Sipariş Adres Bilgisi"
"Order State","Sipariş Seviyesi"
"Order Status Information","Sipariş Durumu Bilgisi"
"Order Statuses","Sipariş Durumları"
"Order is suspended as its capture amount %s is suspected to be fraudulent.","Sipariş için çekilen miktar ( %s ) şüpheli görüldüğü için sipariş beklemeye alındı."
"Order status does not exist.","Sipariş durumu bulunamadı."
"Order status with the same status code already exist.","Aynı kodla bir sipariş durumu zaten var."
"Ordered amount of %s.","%s için sipariş toplamı."
"Ordering amount of %s is pending approval on gateway.","Sipariş toplamı ( %s ) tahsilat hizmet sağlayıcısında onay bekliyor."
"Quote item id is not received.","Sipariş satırı numarası alınamadı."
"Quote item is not loaded.","Sipariş satırı alınamadı."
"Save Order Address","Sipariş Adresini Kaydet"
"Save Status","Durumu Kaydet"
"Save Status Assignment","Seviye Eşleşmesini Kaydet"
"Some of the products below do not have all the required options. Please edit them and configure all the required options.","Aşağıdaki ürünlerin bazılarının gerekli seçeneklerinden biri ( veya daha fazlası ) yok. Lütfen sorunlu olan sipariş ürünleri tekrar ekleyiniz."
"State Code [State Title]","Seviye Kodu [Durum Başlığı]"
"Status Code","Durum Kodu"
"Status Label","Durum Adı"
"Store View Specific Labels","Mağazaya Özel Adlar"
"Submit Invoice and Shipment","Fatura ve Kargo Fişini Kaydet"
"The order address has been updated.","Sipariş adresi güncellendi."
"The order status has been assigned.","Sipariş seviyesi eşleştirildi."
"The order status has been saved.","Sipariş durumu kaydedildi."
"The order status has been unassigned.","Sipariş durumu bilgisi ayırıldı."
"This product does not have any configurable options.","Bu ürün için gereken bütün seçenekler mevcut değil."
"This product has not been configured.","Ürün ayarlanmadı."
"Unassign","Ayır"
"Use Order Status As Default","Varsayılan olarak Sipariş Durumunu kullan"
"Wrong quote item id to update configuration.","Ayarları güncellemek için hatalı sipariş satırı."
"You can leave a box blank if you don\'t wish to add a gift message for whole order","Siparişin tamamına hediye mesajı eklemek istemiyorsanız bu kutuyu boş bırakınız"
"--------------- v 1.5.0.0-rc2 2011-02-05 SONU --------------------","////////////////////////////////////////////////////////////////////////"
"--------------- v 1.5.1.0 2011-05-10 BASI --------------------","////////////////////////////////////////////////////////////////////////"
"IPN ""Refunded"". Refund issued by merchant. Registered notification about refunded amount of %s. Transaction ID: ""%s""","IPN ""İade Edildi"". İade işlemi satıcı tarafından başlatıldı. %s ödemesi hakkında iade notu kaydedildi. İşlem No : ""%s"""
"Select","Seçiniz"
"This product does not have any configurable options","Bu ürünün herhangi bir ayarlanabilir seçeneği bulunmuyor"
"--------------- v 1.5.1.0 2011-05-10 SONU --------------------","////////////////////////////////////////////////////////////////////////"
"--------------- v 1.6.0.0-rc1 2011-07-19 BASI --------------------","////////////////////////////////////////////////////////////////////////"
"Add Package","Paket Ekle"
"Add Selected Product(s) to Package","Seçili ürünleri pakete ekle"
"An error occurred while creating shipping label.","Kargo fişi oluşturulurken bir sorun oluştu."
"Anchor Custom Title","Bağlantı Adı"
"Billing Last Name","Soyadı"
"Billing ZIP Code","Posta Kodu"
"Continue","Devam"
"Create Packages","Paket Oluştur"
"Create Shipping Label","Kargo Etiketi Oluştur"
"Create Shipping Label...","Kargo Etiketi Oluştur..."
"Customs Value","İçerik Değeri"
"Default Template","Varsayılan Şablon"
"Delete Package","Paket Sil"
"Email Address","Email Adresi"
"Enter the billing last name and email/ZIP as in the order billing address","Sipariş Fatura adresinde Soyadı ve e-mail adresi/posta kodu bilgisi giriniz."
"Entered data is incorrect. Please try again.","Girilen veri hatalı. Lütfen tekrar deneyiniz."
"File extension not known or unsupported type in the following shipment: %s","Kargo bilgisindeki dosya uzantısı bilnmiyor veya desteklenmiyor : %s"
"Find Order By:","Sipariş Bul :"
"Girth","Bağ"
"Height","Ağırlık"
"Insufficient information to create shipping label(s). Please verify your Store Information and Shipping Settings.","Kargo etiketi oluşturmak için yetersiz bilgi. Lütfen Mağaza Bilgilerinizi ve Kargo ayarlarınızı kontrol ediniz."
"Items in the Package","Paketteki Ürünler"
"Length","Uzunluk"
"Make Check payable to:","Çek Alıcısı :"
"OK","Tamam"
"Orders and Returns","Siparişler ve İadeler"
"Orders and Returns Search Form","Sipariş ve İade Arama Formu"
"Package","Paket"
"Packages","Paketler"
"Print Shipping Label","Kargo Etiketini Yazdır"
"Print Shipping Labels","Kargo Etiketlerini Yazdır"
"Products should be added to package(s)","Paketlere eklenecek ürünler"
"Purchase Order Number:","Sipariş Numarası :"
"Returns","İadeler"
"Select All","Hepsini Seç"
"Send Credit Memo Comments Email Copy Method","Alacak Kaydı Yorum Maili Kopya Yöntemi"
"Send Credit Memo Email Copy Method","Alacak Kaydı Maili Kopya Yöntemi"
"Send Invoice Comments Email Copy Method","Fatura Yorum Maili Kopya Yöntemi"
"Send Invoice Email Copy Method","Fatura Maili Kopya Yöntemi"
"Send Order Comments Email Copy Method","Sipariş Yorum Maili Kopya Yöntemi"
"Send Shipment Comments Email Copy Method","Teslimat Fişi Yorum Maili Kopya Yöntemi"
"Send Shipment Email Copy Method","Teslimat Fişi Maili Kopya Yöntemi"
"Show Packages","Paketleri Göster"
"Signature Confirmation","İmza Onayı"
"Size","Boyut"
"The quantity you want to add exceeds the total shipped quantity for","Eklemeye çalıştığınız adet toplam sevk miktarından fazla"
"The shipping label has been created.","Teslimat etiketi oluşturuldu."
"The value that you entered is not valid. Please use numeric value.","Girdiğiniz değer geçersiz. Lütfen rakamsal değer giriniz."
"There are no shipping labels related to selected %s.","%s için Teslimat Etiketi bulunamadı."
"Total Weight","Toplam Ağırlık"
"Type","Tip"
"View Another Order","Başka Sipariş Göster"
"Weight","Ağırlık"
"Width","Genişlik"
"cm","cm"
"in","inç"
"kg","kg"
"lb","lbs"
"--------------- v 1.6.0.0-rc1 2011-07-19 SONU --------------------","////////////////////////////////////////////////////////////////////////"
"--------------- v 1.6.0.0-rc2 2011-07-20 BASI --------------------","////////////////////////////////////////////////////////////////////////"
"Contents","İçerik"
"Explanation","Açıklama"
"--------------- v 1.6.0.0-rc2 2011-07-20 SONU --------------------","////////////////////////////////////////////////////////////////////////"
"--------------- v 1.6.0.0-rc2 2011-09-02 BASI --------------------","////////////////////////////////////////////////////////////////////////"
"The quantity you want to add exceeds the total shipped quantity for some of selected Product(s)","Seçili bazı ürünler için eklemeye çalıştığınız adet kargolanan adetten fazla."
"The value that you entered is not valid.","Girdiğiniz değer geçersiz."
"--------------- v 1.6.0.0-rc2 2011-09-02 SONU --------------------","////////////////////////////////////////////////////////////////////////"
"--------------- v 1.6.0.0-rc2 2011-11-07 BASI --------------------","////////////////////////////////////////////////////////////////////////"
"Add new comment to credit memo","Borç fişine yorum ekle"
"Cancel credit memo","Borç fişini iptal et"
"Create new credit memo for order","Sipariş için yeni bir borç fişi oluştur"
"Credit memo canceling problem.","Borç fişi iptal edilirken sorun oluştu."
"Credit memo cannot be canceled.","Borç fişi iptal edilemedi."
"Order credit memo","Sipariş Borç Fişi"
"Package types are disregarded for USPS domestic shipments.","USPS yurtiçi teslimat için paket tipleri geçersizdir."
"Retrieve credit memo info","Borç fişi bilgisi alınıyor"
"Retrieve credit memo information","Borç fişi bilgisini al"
"Retrieve credit memo list","Borç fişi listesini al"
"Retrieve list of credit memos by filters","Borç fişi listesini filtreleyerek al"
"--------------- v 1.6.0.0-rc2 2011-11-07 SONU --------------------","////////////////////////////////////////////////////////////////////////"
"--------------- v 1.7.0.0-alpha 2012-01-22 BASI --------------------","////////////////////////////////////////////////////////////////////////"
"Clear Shopping Cart","Sepeti boşalt"
"Maximum amount available to refund is %s","İade edilebilecek en yüksek rakam %s"
"Most Viewed","En Çok Görülenler"
"Most Viewed Products Report","En Çok Görülen Ürünler Raporu"
"New Credit Memo for Invoice #%s","#%s numaralı fatura için Yeni Borç Kaydı"
"New Credit Memo for Order #%s","#%s numaralı sipariş için Yeni Borç Kaydı"
"Please check billing address information. %s","Lütfen fatura adresini kontrol ediniz. %s"
"Please check shipping address information. %s","Lütfen fatura adresini kontrol ediniz. %s"
"Please select a valid payment method.","Lütfen geçerli bir ödeme yöntemi seçiniz."
"Please specify a shipping method.","Lütfen geçerli bir teslimat yöntemi seçiniz."
"Transaction # %s | %s","İşlem # %s | %s"
"--------------- v 1.7.0.0-alpha 2012-01-22 SONU --------------------","////////////////////////////////////////////////////////////////////////"
"--------------- v 1.7.0.0-alpha 2012-04-28 BASI --------------------","////////////////////////////////////////////////////////////////////////"
"Are you sure you want to delete all items from shopping cart?","Sepetteki tüm ürünleri silmek istediğinizden emin misiniz ?"
"Controls whether customer IP is shown in orders, invoices, shipments, credit memos.","Faturalarda, siparişlerde, kargo fişlerinde ve iade fişlerinde müşterinin IP adresinin gösterilme durumunu belirler."
"Default logo, will be used in PDF and HTML documents.<br />(jpeg, tiff, png) If you see image distortion in PDF, try to use larger image","Varsayılan logo, PDF ve HTML belgelerde kullanılır.<br />(jpeg, tiff, png formatları kullanılabilir) PDF dosyalarda logo net olmazsa daha büyük ve kaliteki resim dosyası kullanmanızı tavsiye ederiz."
"General","Genel"
"Hide Customer IP","Müşteri IP adresini gizle"
"Send shipment info","Teslimat bilgisi gönder"
"Ship to:","Alıcı :"
"Sold to:","Ödeyen :"
"Total model should be extended from Mage_Sales_Model_Order_Total_Abstract.","Total modeli Mage_Sales_Model_Order_Total_Abstract modelinden üretilmelidir."
"--------------- v 1.7.0.0-alpha 2012-04-28 SONU --------------------","////////////////////////////////////////////////////////////////////////"
"--------------- v 1.8.0.0 2013-09-28 BASI --------------------","////////////////////////////////////////////////////////////////////////"
"* Required Fields","* Required Fields"
"IPN ""Refunded"". Refund issued by merchant. Registered notification about refunded amount of %s. Transaction ID: ""%s"". Credit Memo has not been created. Please create offline Credit Memo.","IPN ""Refunded"". Refund issued by merchant. Registered notification about refunded amount of %s. Transaction ID: ""%s"". Credit Memo has not been created. Please create offline Credit Memo."
"Order is suspended as its authorizing amount %s is suspected to be fraudulent.","Order is suspended as its authorizing amount %s is suspected to be fraudulent."
"Selected option(s) or their combination is not currently available.","Selected option(s) or their combination is not currently available."
"Some item options or their combination are not currently available.","Some item options or their combination are not currently available."
"Some of the products below do not have all the required options.","Some of the products below do not have all the required options."
"Some of the selected options are not currently available.","Some of the selected options are not currently available."
"There are no shipping labels related to selected orders.","There are no shipping labels related to selected orders."
"There are no shipping labels related to selected shipments.","There are no shipping labels related to selected shipments."
"--------------- v 1.8.0.0 2013-09-28 SONU --------------------","////////////////////////////////////////////////////////////////////////"
"--------------- v 1.8.0.0 2014-05-07 BASI --------------------","////////////////////////////////////////////////////////////////////////"
"Go to Home Page","Ana Sayfaya Git"
"Home","Ana Sayfa"
"Invalid value(s) for Qty to Ship","Kargolanacak adet alanına hatalı veri girildi"
"You don\'t have permissions to manage this order because of one or more products are not permitted for your website.","Bu siparişi düzenlemek için yetkiniz yok. Siparişteki ürünlerden bazıları yetkili olduğunuz web sitesine bağlı değil."
"--------------- v 1.8.0.0 2014-05-07 SONU --------------------","////////////////////////////////////////////////////////////////////////"
